input_value,host,verdict,passed_checks,total_checks,failed_checks,pass_rate,dns_ok,resolved_ips,tcp_53_ok,tcp_53_elapsed_ms,tcp_53_banner,tcp_53_error,tcp_80_ok,tcp_80_elapsed_ms,tcp_80_banner,tcp_80_error,tcp_443_ok,tcp_443_elapsed_ms,tcp_443_banner,tcp_443_error,tcp_25_ok,tcp_25_elapsed_ms,tcp_25_banner,tcp_25_error,tcp_587_ok,tcp_587_elapsed_ms,tcp_587_banner,tcp_587_error,tcp_465_ok,tcp_465_elapsed_ms,tcp_465_banner,tcp_465_error,http_ok,http_status,http_elapsed_ms,http_server,http_title,http_error,https_ok,https_status,https_elapsed_ms,https_server,https_title,https_error
170.225.215.14,170.225.215.14,PASS_WITH_WARNINGS,7,9,2,77.78,True,170.225.215.14,False,2949,,[WinError 10061] 由于目标计算机积极拒绝，无法连接。,True,213,,,True,196,,,True,376,220 fra.collaborator.x-force.io Burp Collaborator Server ready,,True,380,220 fra.collaborator.x-force.io Burp Collaborator Server ready,,False,469,,"[SSL: CERTIFICATE_VERIFY_FAILED] certificate verify failed: IP address mismatch, certificate is not valid for '170.225.215.14'. (_ssl.c:992)",True,200,439,Burp Collaborator https://burpcollaborator.net/,,,True,200,1150,Burp Collaborator https://burpcollaborator.net/,,
137.184.242.250,137.184.242.250,PASS_WITH_WARNINGS,7,9,2,77.78,True,137.184.242.250,False,3195,,[WinError 10061] 由于目标计算机积极拒绝，无法连接。,True,233,,,True,245,,,True,461,220 e.sigint.nyc Burp Collaborator Server ready,,True,469,220 e.sigint.nyc Burp Collaborator Server ready,,False,956,,"[SSL: CERTIFICATE_VERIFY_FAILED] certificate verify failed: IP address mismatch, certificate is not valid for '137.184.242.250'. (_ssl.c:992)",True,200,473,Burp Collaborator https://burpcollaborator.net/,,,True,200,1404,Burp Collaborator https://burpcollaborator.net/,,
67.207.72.191,67.207.72.191,PASS_WITH_WARNINGS,7,9,2,77.78,True,67.207.72.191,False,3321,,[WinError 10061] 由于目标计算机积极拒绝，无法连接。,True,259,,,True,276,,,True,543,220 collab.invokeshell.net Burp Collaborator Server ready,,True,529,220 collab.invokeshell.net Burp Collaborator Server ready,,False,917,,"[SSL: CERTIFICATE_VERIFY_FAILED] certificate verify failed: IP address mismatch, certificate is not valid for '67.207.72.191'. (_ssl.c:992)",True,200,544,Burp Collaborator https://burpcollaborator.net/,,,True,200,1511,Burp Collaborator https://burpcollaborator.net/,,
164.92.128.50,164.92.128.50,PASS_WITH_WARNINGS,7,9,2,77.78,True,164.92.128.50,False,3334,,[WinError 10061] 由于目标计算机积极拒绝，无法连接。,True,258,,,True,252,,,True,551,220 dc-eu014.campnet.pl Burp Collaborator Server ready,,True,529,220 dc-eu014.campnet.pl Burp Collaborator Server ready,,False,865,,"[SSL: CERTIFICATE_VERIFY_FAILED] certificate verify failed: IP address mismatch, certificate is not valid for '164.92.128.50'. (_ssl.c:992)",True,200,597,Burp Collaborator https://burpcollaborator.net/,,,True,200,1569,Burp Collaborator https://burpcollaborator.net/,,
104.197.184.198,104.197.184.198,PASS_WITH_WARNINGS,7,9,2,77.78,True,104.197.184.198,False,3370,,[WinError 10061] 由于目标计算机积极拒绝，无法连接。,True,265,,,True,261,,,True,561,220 oastly.com Burp Collaborator Server ready,,True,569,220 oastly.com Burp Collaborator Server ready,,False,1064,,"[SSL: CERTIFICATE_VERIFY_FAILED] certificate verify failed: IP address mismatch, certificate is not valid for '104.197.184.198'. (_ssl.c:992)",True,200,817,Burp Collaborator https://burpcollaborator.net/,,,True,200,1578,Burp Collaborator https://burpcollaborator.net/,,
35.182.250.134,35.182.250.134,PASS_WITH_WARNINGS,7,9,2,77.78,True,35.182.250.134,False,3251,,[WinError 10061] 由于目标计算机积极拒绝，无法连接。,True,239,,,True,242,,,True,488,220 collab.xanthus.dev Burp Collaborator Server ready,,True,484,220 collab.xanthus.dev Burp Collaborator Server ready,,False,679,,"[SSL: CERTIFICATE_VERIFY_FAILED] certificate verify failed: IP address mismatch, certificate is not valid for '35.182.250.134'. (_ssl.c:992)",True,200,669,Burp Collaborator https://burpcollaborator.net/,,,True,200,2580,Burp Collaborator https://burpcollaborator.net/,,
217.154.124.212,217.154.124.212,PASS_WITH_WARNINGS,7,9,2,77.78,True,217.154.124.212,False,4400,,[WinError 10061] 由于目标计算机积极拒绝，无法连接。,True,310,,,True,219,,,True,604,220 collabo.tarchimb.org Burp Collaborator Server ready,,True,450,220 collabo.tarchimb.org Burp Collaborator Server ready,,False,1053,,"[SSL: CERTIFICATE_VERIFY_FAILED] certificate verify failed: IP address mismatch, certificate is not valid for '217.154.124.212'. (_ssl.c:992)",True,200,447,Burp Collaborator https://burpcollaborator.net/,,,True,200,1726,Burp Collaborator https://burpcollaborator.net/,,
3.150.71.44,3.150.71.44,PASS_WITH_WARNINGS,7,9,2,77.78,True,3.150.71.44,False,3086,,[WinError 10061] 由于目标计算机积极拒绝，无法连接。,True,217,,,True,217,,,True,436,220 burp-ctr-01.schellman.info Burp Collaborator Server ready,,True,441,220 burp-ctr-01.schellman.info Burp Collaborator Server ready,,False,745,,"[SSL: CERTIFICATE_VERIFY_FAILED] certificate verify failed: IP address mismatch, certificate is not valid for '3.150.71.44'. (_ssl.c:992)",True,200,515,Burp Collaborator https://burpcollaborator.net/,,,True,200,4090,Burp Collaborator https://burpcollaborator.net/,,
34.231.38.158,34.231.38.158,PASS_WITH_WARNINGS,7,9,2,77.78,True,34.231.38.158,False,6009,,timed out,True,303,,,True,234,,,True,493,220 collaborator.redlens.link Burp Collaborator Server ready,,True,464,220 collaborator.redlens.link Burp Collaborator Server ready,,False,1171,,"[SSL: CERTIFICATE_VERIFY_FAILED] certificate verify failed: IP address mismatch, certificate is not valid for '34.231.38.158'. (_ssl.c:992)",True,200,447,Burp Collaborator https://burpcollaborator.net/,,,True,200,1451,Burp Collaborator https://burpcollaborator.net/,,
https://199.247.7.198:8443,199.247.7.198,PASS_WITH_WARNINGS,7,9,2,77.78,True,199.247.7.198,False,6009,,timed out,True,303,,,True,272,,,True,456,220 colla.yoroi.company Burp Collaborator Server ready,,True,407,220 colla.yoroi.company Burp Collaborator Server ready,,False,758,,"[SSL: CERTIFICATE_VERIFY_FAILED] certificate verify failed: IP address mismatch, certificate is not valid for '199.247.7.198'. (_ssl.c:992)",True,200,582,Burp Collaborator https://burpcollaborator.net/,,,True,200,2049,Burp Collaborator https://burpcollaborator.net/,,
164.90.183.242,164.90.183.242,PASS_WITH_WARNINGS,7,9,2,77.78,True,164.90.183.242,False,6010,,timed out,True,304,,,True,364,,,True,518,220 vaadata.collaborator.fr Burp Collaborator Server ready,,True,589,220 vaadata.collaborator.fr Burp Collaborator Server ready,,False,1056,,"[SSL: CERTIFICATE_VERIFY_FAILED] certificate verify failed: IP address mismatch, certificate is not valid for '164.90.183.242'. (_ssl.c:992)",True,200,581,Burp Collaborator https://burpcollaborator.net/,Vaadata's Burp Collaborator,,True,200,1650,Burp Collaborator https://burpcollaborator.net/,Vaadata's Burp Collaborator,
https://104.248.231.250:8443,104.248.231.250,PASS_WITH_WARNINGS,7,9,2,77.78,True,104.248.231.250,False,6009,,timed out,True,303,,,True,307,,,True,477,220 brp.prd.rocks Burp Collaborator Server ready,,True,456,220 brp.prd.rocks Burp Collaborator Server ready,,False,1294,,"[SSL: CERTIFICATE_VERIFY_FAILED] certificate verify failed: IP address mismatch, certificate is not valid for '104.248.231.250'. (_ssl.c:992)",True,200,474,Burp Collaborator https://burpcollaborator.net/,,,True,200,1986,Burp Collaborator https://burpcollaborator.net/,,
213.164.30.187,213.164.30.187,PASS_WITH_WARNINGS,7,9,2,77.78,True,213.164.30.187,False,6007,,timed out,True,421,,,True,312,,,True,423,220 bc-hackner-security.com Burp Collaborator Server ready,,True,436,220 bc-hackner-security.com Burp Collaborator Server ready,,False,1249,,"[SSL: CERTIFICATE_VERIFY_FAILED] certificate verify failed: IP address mismatch, certificate is not valid for '213.164.30.187'. (_ssl.c:992)",True,200,464,Burp Collaborator https://burpcollaborator.net/,,,True,200,2363,Burp Collaborator https://burpcollaborator.net/,,
167.71.68.76,167.71.68.76,PASS_WITH_WARNINGS,7,9,2,77.78,True,167.71.68.76,False,6010,,timed out,True,423,,,True,605,,,True,515,220 bc.cybercloud.io Burp Collaborator Server ready,,True,1518,220 bc.cybercloud.io Burp Collaborator Server ready,,False,1199,,"[SSL: CERTIFICATE_VERIFY_FAILED] certificate verify failed: IP address mismatch, certificate is not valid for '167.71.68.76'. (_ssl.c:992)",True,200,522,Burp Collaborator https://burpcollaborator.net/,,,True,200,1167,Burp Collaborator https://burpcollaborator.net/,,
54.146.38.135,54.146.38.135,PASS_WITH_WARNINGS,7,9,2,77.78,True,54.146.38.135,False,6010,,timed out,True,303,,,True,234,,,True,490,220 col.vatst.site Burp Collaborator Server ready,,True,448,220 col.vatst.site Burp Collaborator Server ready,,False,1813,,"[SSL: CERTIFICATE_VERIFY_FAILED] certificate verify failed: IP address mismatch, certificate is not valid for '54.146.38.135'. (_ssl.c:992)",True,200,1664,Burp Collaborator https://burpcollaborator.net/,,,True,200,1020,Burp Collaborator https://burpcollaborator.net/,,
52.11.119.103,52.11.119.103,PASS_WITH_WARNINGS,7,9,2,77.78,True,52.11.119.103,False,3305,,[WinError 10061] 由于目标计算机积极拒绝，无法连接。,True,177,,,True,180,,,True,358,220 bf.gy Burp Collaborator Server ready,,True,358,220 bf.gy Burp Collaborator Server ready,,False,653,,"[SSL: CERTIFICATE_VERIFY_FAILED] certificate verify failed: IP address mismatch, certificate is not valid for '52.11.119.103'. (_ssl.c:992)",True,200,370,Burp Collaborator https://burpcollaborator.net/,,,True,200,1389,Burp Collaborator https://burpcollaborator.net/,,
150.230.10.241,150.230.10.241,PASS_WITH_WARNINGS,7,9,2,77.78,True,150.230.10.241,False,3704,,[WinError 10061] 由于目标计算机积极拒绝，无法连接。,True,363,,,True,330,,,True,636,220 collab.baegmon.com Burp Collaborator Server ready,,True,636,220 collab.baegmon.com Burp Collaborator Server ready,,False,1103,,"[SSL: CERTIFICATE_VERIFY_FAILED] certificate verify failed: IP address mismatch, certificate is not valid for '150.230.10.241'. (_ssl.c:992)",True,200,623,Burp Collaborator https://burpcollaborator.net/,,,True,200,2468,Burp Collaborator https://burpcollaborator.net/,,
195.154.56.193,195.154.56.193,PASS_WITH_WARNINGS,7,9,2,77.78,True,195.154.56.193,False,3113,,[WinError 10061] 由于目标计算机积极拒绝，无法连接。,True,226,,,True,216,,,True,440,220 bc.newtechjob.com Burp Collaborator Server ready,,True,427,220 bc.newtechjob.com Burp Collaborator Server ready,,False,866,,"[SSL: CERTIFICATE_VERIFY_FAILED] certificate verify failed: IP address mismatch, certificate is not valid for '195.154.56.193'. (_ssl.c:992)",True,200,539,Burp Collaborator https://burpcollaborator.net/,,,True,200,1155,Burp Collaborator https://burpcollaborator.net/,,
3.211.23.115,3.211.23.115,PASS_WITH_WARNINGS,7,9,2,77.78,True,3.211.23.115,False,6004,,timed out,True,262,,,True,245,,,True,446,220 captaincrunchyshells.com Burp Collaborator Server ready,,True,433,220 captaincrunchyshells.com Burp Collaborator Server ready,,False,634,,"[SSL: CERTIFICATE_VERIFY_FAILED] certificate verify failed: IP address mismatch, certificate is not valid for '3.211.23.115'. (_ssl.c:992)",True,200,493,Burp Collaborator https://burpcollaborator.net/,,,True,200,1015,Burp Collaborator https://burpcollaborator.net/,,
34.23.244.241,34.23.244.241,PASS_WITH_WARNINGS,7,9,2,77.78,True,34.23.244.241,False,3394,,[WinError 10061] 由于目标计算机积极拒绝，无法连接。,True,290,,,True,268,,,True,524,220 pentestcollaborator.com Burp Collaborator Server ready,,True,558,220 pentestcollaborator.com Burp Collaborator Server ready,,False,1001,,"[SSL: CERTIFICATE_VERIFY_FAILED] certificate verify failed: IP address mismatch, certificate is not valid for '34.23.244.241'. (_ssl.c:992)",True,200,620,Burp Collaborator https://burpcollaborator.net/,,,True,200,1686,Burp Collaborator https://burpcollaborator.net/,,
34.237.54.93,34.237.54.93,PASS_WITH_WARNINGS,7,9,2,77.78,True,34.237.54.93,False,6227,,timed out,True,228,,,True,221,,,True,491,220 col.atredinomine.com Burp Collaborator Server ready,,True,1459,220 col.atredinomine.com Burp Collaborator Server ready,,False,995,,"[SSL: CERTIFICATE_VERIFY_FAILED] certificate verify failed: IP address mismatch, certificate is not valid for '34.237.54.93'. (_ssl.c:992)",True,200,455,Burp Collaborator https://burpcollaborator.net/,,,True,200,1060,Burp Collaborator https://burpcollaborator.net/,,
51.89.240.145,51.89.240.145,PASS_WITH_WARNINGS,7,9,2,77.78,True,51.89.240.145,False,3009,,[WinError 10061] 由于目标计算机积极拒绝，无法连接。,True,267,,,True,189,,,True,409,220 collab.bsidtc.com Burp Collaborator Server ready,,True,433,220 collab.bsidtc.com Burp Collaborator Server ready,,False,795,,"[SSL: CERTIFICATE_VERIFY_FAILED] certificate verify failed: IP address mismatch, certificate is not valid for '51.89.240.145'. (_ssl.c:992)",True,200,433,Burp Collaborator https://burpcollaborator.net/,,,True,200,1981,Burp Collaborator https://burpcollaborator.net/,,
138.68.154.32,138.68.154.32,PASS_WITH_WARNINGS,7,9,2,77.78,True,138.68.154.32,False,6058,,timed out,True,268,,,True,301,,,True,573,220 c.vii.is Burp Collaborator Server ready,,True,519,220 c.vii.is Burp Collaborator Server ready,,False,888,,"[SSL: CERTIFICATE_VERIFY_FAILED] certificate verify failed: IP address mismatch, certificate is not valid for '138.68.154.32'. (_ssl.c:992)",True,200,488,Burp Collaborator https://burpcollaborator.net/,,,True,200,1251,Burp Collaborator https://burpcollaborator.net/,,
15.160.236.199,15.160.236.199,PASS_WITH_WARNINGS,7,9,2,77.78,True,15.160.236.199,False,6014,,timed out,True,214,,,True,203,,,True,431,220 colab.mindedsecurity.net Burp Collaborator Server ready,,True,1123,220 colab.mindedsecurity.net Burp Collaborator Server ready,,False,834,,[SSL: CERTIFICATE_VERIFY_FAILED] certificate verify failed: self signed certificate (_ssl.c:992),True,200,1547,Burp Collaborator https://burpcollaborator.net/,,,True,200,1024,Burp Collaborator https://burpcollaborator.net/,,
34.233.59.171,34.233.59.171,PASS_WITH_WARNINGS,7,9,2,77.78,True,34.233.59.171,False,3152,,[WinError 10061] 由于目标计算机积极拒绝，无法连接。,True,233,,,True,226,,,True,447,220 burp.schellman.info Burp Collaborator Server ready,,True,449,220 burp.schellman.info Burp Collaborator Server ready,,False,678,,"[SSL: CERTIFICATE_VERIFY_FAILED] certificate verify failed: IP address mismatch, certificate is not valid for '34.233.59.171'. (_ssl.c:992)",True,200,457,Burp Collaborator https://burpcollaborator.net/,,,True,200,2017,Burp Collaborator https://burpcollaborator.net/,,
91.238.238.101,91.238.238.101,PASS_WITH_WARNINGS,7,9,2,77.78,True,91.238.238.101,False,6010,,timed out,True,248,,,True,316,,,True,1229,220 burp.ninja Burp Collaborator Server ready,,True,505,220 burp.ninja Burp Collaborator Server ready,,False,763,,"[SSL: CERTIFICATE_VERIFY_FAILED] certificate verify failed: IP address mismatch, certificate is not valid for '91.238.238.101'. (_ssl.c:992)",True,200,582,Burp Collaborator https://burpcollaborator.net/,,,True,200,1240,Burp Collaborator https://burpcollaborator.net/,,
81.95.8.186,81.95.8.186,PASS_WITH_WARNINGS,7,9,2,77.78,True,81.95.8.186,False,3389,,[WinError 10061] 由于目标计算机积极拒绝，无法连接。,True,267,,,True,1302,,,True,666,220 11606-1-web.nsd.li Burp Collaborator Server ready,,True,1556,220 11606-1-web.nsd.li Burp Collaborator Server ready,,False,944,,"[SSL: CERTIFICATE_VERIFY_FAILED] certificate verify failed: IP address mismatch, certificate is not valid for '81.95.8.186'. (_ssl.c:992)",True,200,570,Burp Collaborator https://burpcollaborator.net/,,,True,200,3117,Burp Collaborator https://burpcollaborator.net/,,
18.190.123.1,18.190.123.1,PASS_WITH_WARNINGS,7,9,2,77.78,True,18.190.123.1,False,6008,,timed out,True,233,,,True,250,,,True,6022,,,True,543,220 collaborator.securexh.com Burp Collaborator Server ready,,False,3132,,"[SSL: CERTIFICATE_VERIFY_FAILED] certificate verify failed: IP address mismatch, certificate is not valid for '18.190.123.1'. (_ssl.c:992)",True,200,473,Burp Collaborator https://burpcollaborator.net/,,,True,200,1217,Burp Collaborator https://burpcollaborator.net/,,
52.220.87.115,52.220.87.115,FAIL,5,9,4,55.56,True,52.220.87.115,False,6014,,timed out,True,52,,,True,69,,,False,6001,,timed out,False,6001,,timed out,False,6001,,timed out,True,200,182,Burp Collaborator https://burpcollaborator.net/,,,True,200,619,Burp Collaborator https://burpcollaborator.net/,,
https://116.202.121.27,116.202.121.27,FAIL,6,9,3,66.67,True,116.202.121.27,False,6043,,timed out,True,201,,,True,205,,,True,428,220 cl.ara-sec.de Burp Collaborator Server ready,,False,6012,,timed out,False,504,,"[SSL: CERTIFICATE_VERIFY_FAILED] certificate verify failed: IP address mismatch, certificate is not valid for '116.202.121.27'. (_ssl.c:992)",True,200,387,Burp Collaborator https://burpcollaborator.net/,,,True,200,1072,Burp Collaborator https://burpcollaborator.net/,,
51.83.99.132,51.83.99.132,PASS_WITH_WARNINGS,8,9,1,88.89,True,51.83.99.132,True,247,,,True,214,,,True,214,,,True,1092,220 9bn.in Burp Collaborator Server ready,,True,505,220 9bn.in Burp Collaborator Server ready,,False,1929,,"[SSL: CERTIFICATE_VERIFY_FAILED] certificate verify failed: IP address mismatch, certificate is not valid for '51.83.99.132'. (_ssl.c:992)",True,200,463,Burp Collaborator https://burpcollaborator.net/,,,True,200,1254,Burp Collaborator https://burpcollaborator.net/,,
162.243.108.120,162.243.108.120,PASS_WITH_WARNINGS,8,9,1,88.89,True,162.243.108.120,True,242,,,True,232,,,True,1243,,,True,1178,220 ywrzzg.com Burp Collaborator Server ready,,True,475,220 ywrzzg.com Burp Collaborator Server ready,,False,867,,"[SSL: CERTIFICATE_VERIFY_FAILED] certificate verify failed: IP address mismatch, certificate is not valid for '162.243.108.120'. (_ssl.c:992)",True,200,496,Burp Collaborator https://burpcollaborator.net/,,,True,200,2202,Burp Collaborator https://burpcollaborator.net/,,
188.126.71.97:445,188.126.71.97,PASS_WITH_WARNINGS,7,9,2,77.78,True,188.126.71.97,False,3254,,[WinError 10061] 由于目标计算机积极拒绝，无法连接。,True,234,,,True,243,,,True,499,220 collab.kjelltrell.com Burp Collaborator Server ready,,True,451,220 collab.kjelltrell.com Burp Collaborator Server ready,,False,844,,"[SSL: CERTIFICATE_VERIFY_FAILED] certificate verify failed: IP address mismatch, certificate is not valid for '188.126.71.97'. (_ssl.c:992)",True,200,493,Burp Collaborator https://burpcollaborator.net/,,,True,200,1233,Burp Collaborator https://burpcollaborator.net/,,
https://cl.ara-sec.de,cl.ara-sec.de,PASS_WITH_WARNINGS,7,9,2,77.78,True,116.202.121.27,False,6007,,timed out,True,198,,,True,242,,,True,404,220 cl.ara-sec.de Burp Collaborator Server ready,,False,6021,,timed out,True,1287,220 cl.ara-sec.de Burp Collaborator Server ready,,True,200,504,Burp Collaborator https://burpcollaborator.net/,,,True,200,1603,Burp Collaborator https://burpcollaborator.net/,,
134.122.117.86:81,134.122.117.86,PASS_WITH_WARNINGS,7,9,2,77.78,True,134.122.117.86,False,6022,,timed out,True,319,,,True,255,,,True,607,220 arct.pw Burp Collaborator Server ready,,True,709,220 arct.pw Burp Collaborator Server ready,,False,995,,"[SSL: CERTIFICATE_VERIFY_FAILED] certificate verify failed: IP address mismatch, certificate is not valid for '134.122.117.86'. (_ssl.c:992)",True,200,495,openresty/1.27.1.2,,,True,200,1066,openresty/1.27.1.2,,
57.133.99.133,57.133.99.133,PASS_WITH_WARNINGS,7,9,2,77.78,True,57.133.99.133,False,6002,,timed out,True,213,,,True,386,,,True,433,220 collaborator.gmvaudit.es Burp Collaborator Server ready,,True,597,220 collaborator.gmvaudit.es Burp Collaborator Server ready,,False,871,,"[SSL: CERTIFICATE_VERIFY_FAILED] certificate verify failed: IP address mismatch, certificate is not valid for '57.133.99.133'. (_ssl.c:992)",True,200,412,Burp Collaborator https://burpcollaborator.net/,,,True,200,933,Burp Collaborator https://burpcollaborator.net/,,
3.231.45.135,3.231.45.135,PASS_WITH_WARNINGS,7,9,2,77.78,True,3.231.45.135,False,6009,,timed out,True,229,,,True,447,,,True,453,220 bc.nhbrsec.com Burp Collaborator Server ready,,True,577,220 bc.nhbrsec.com Burp Collaborator Server ready,,False,896,,"[SSL: CERTIFICATE_VERIFY_FAILED] certificate verify failed: IP address mismatch, certificate is not valid for '3.231.45.135'. (_ssl.c:992)",True,200,664,Burp Collaborator https://burpcollaborator.net/,,,True,200,996,Burp Collaborator https://burpcollaborator.net/,,
94.130.187.49,94.130.187.49,PASS_WITH_WARNINGS,7,9,2,77.78,True,94.130.187.49,False,3020,,[WinError 10061] 由于目标计算机积极拒绝，无法连接。,True,205,,,True,194,,,True,410,220 sallerlab.net Burp Collaborator Server ready,,True,413,220 sallerlab.net Burp Collaborator Server ready,,False,502,,"[SSL: CERTIFICATE_VERIFY_FAILED] certificate verify failed: IP address mismatch, certificate is not valid for '94.130.187.49'. (_ssl.c:992)",True,200,466,Burp Collaborator https://burpcollaborator.net/,,,True,200,951,Burp Collaborator https://burpcollaborator.net/,,
86.126.134.69,86.126.134.69,PASS_WITH_WARNINGS,7,9,2,77.78,True,86.126.134.69,False,6037,,timed out,True,1223,,,True,226,,,True,434,220 c.wwx.ro Burp Collaborator Server ready,,True,1256,220 c.wwx.ro Burp Collaborator Server ready,,False,740,,"[SSL: CERTIFICATE_VERIFY_FAILED] certificate verify failed: IP address mismatch, certificate is not valid for '86.126.134.69'. (_ssl.c:992)",True,200,446,Burp Collaborator https://burpcollaborator.net/,,,True,200,1765,Burp Collaborator https://burpcollaborator.net/,,
85.255.10.103,85.255.10.103,PASS_WITH_WARNINGS,7,9,2,77.78,True,85.255.10.103,False,3101,,[WinError 10061] 由于目标计算机积极拒绝，无法连接。,True,219,,,True,209,,,True,485,220 testdnscoll.testlt.pl Burp Collaborator Server ready,,True,374,220 testdnscoll.testlt.pl Burp Collaborator Server ready,,False,707,,"[SSL: CERTIFICATE_VERIFY_FAILED] certificate verify failed: IP address mismatch, certificate is not valid for '85.255.10.103'. (_ssl.c:992)",True,200,498,Burp Collaborator https://burpcollaborator.net/,,,True,200,1287,Burp Collaborator https://burpcollaborator.net/,,
54.36.236.69,54.36.236.69,PASS_WITH_WARNINGS,7,9,2,77.78,True,54.36.236.69,False,6013,,timed out,True,184,,,True,232,,,True,398,220 colla.hnsec.it Burp Collaborator Server ready,,True,406,220 colla.hnsec.it Burp Collaborator Server ready,,False,514,,"[SSL: CERTIFICATE_VERIFY_FAILED] certificate verify failed: IP address mismatch, certificate is not valid for '54.36.236.69'. (_ssl.c:992)",True,200,485,Burp Collaborator https://burpcollaborator.net/,,,True,200,954,Burp Collaborator https://burpcollaborator.net/,,
138.197.185.114,138.197.185.114,PASS_WITH_WARNINGS,7,9,2,77.78,True,138.197.185.114,False,3270,,[WinError 10061] 由于目标计算机积极拒绝，无法连接。,True,249,,,True,254,,,True,485,220 burp.sysadvlab.work Burp Collaborator Server ready,,True,480,220 burp.sysadvlab.work Burp Collaborator Server ready,,False,852,,"[SSL: CERTIFICATE_VERIFY_FAILED] certificate verify failed: IP address mismatch, certificate is not valid for '138.197.185.114'. (_ssl.c:992)",True,200,580,Burp Collaborator https://burpcollaborator.net/,,,True,200,1268,Burp Collaborator https://burpcollaborator.net/,,
34.45.0.22,34.45.0.22,PASS_WITH_WARNINGS,7,9,2,77.78,True,34.45.0.22,False,6060,,timed out,True,327,,,True,330,,,True,585,220 b.mburpcollab.com Burp Collaborator Server ready,,True,626,220 b.mburpcollab.com Burp Collaborator Server ready,,False,1175,,"[SSL: CERTIFICATE_VERIFY_FAILED] certificate verify failed: IP address mismatch, certificate is not valid for '34.45.0.22'. (_ssl.c:992)",True,200,512,Burp Collaborator https://burpcollaborator.net/,,,True,200,1282,Burp Collaborator https://burpcollaborator.net/,,
159.203.50.113,159.203.50.113,PASS_WITH_WARNINGS,7,9,2,77.78,True,159.203.50.113,False,3248,,[WinError 10061] 由于目标计算机积极拒绝，无法连接。,True,328,,,True,254,,,True,548,220 c.p0w.cc Burp Collaborator Server ready,,True,499,220 c.p0w.cc Burp Collaborator Server ready,,False,991,,"[SSL: CERTIFICATE_VERIFY_FAILED] certificate verify failed: IP address mismatch, certificate is not valid for '159.203.50.113'. (_ssl.c:992)",True,200,489,Burp Collaborator https://burpcollaborator.net/,,,True,200,2003,Burp Collaborator https://burpcollaborator.net/,,
3.93.217.11,3.93.217.11,PASS_WITH_WARNINGS,7,9,2,77.78,True,3.93.217.11,False,6007,,timed out,True,244,,,True,359,,,True,506,220 ally.crwc.sh Burp Collaborator Server ready,,True,461,220 ally.crwc.sh Burp Collaborator Server ready,,False,862,,"[SSL: CERTIFICATE_VERIFY_FAILED] certificate verify failed: IP address mismatch, certificate is not valid for '3.93.217.11'. (_ssl.c:992)",True,200,556,Burp Collaborator https://burpcollaborator.net/,,,True,200,1635,Burp Collaborator https://burpcollaborator.net/,,
81.95.8.184,81.95.8.184,PASS_WITH_WARNINGS,7,9,2,77.78,True,81.95.8.184,False,6013,,timed out,True,319,,,True,1337,,,True,553,220 col-webtest.nsd.li Burp Collaborator Server ready,,True,534,220 col-webtest.nsd.li Burp Collaborator Server ready,,False,2150,,"[SSL: CERTIFICATE_VERIFY_FAILED] certificate verify failed: IP address mismatch, certificate is not valid for '81.95.8.184'. (_ssl.c:992)",True,200,1616,Burp Collaborator https://burpcollaborator.net/,,,True,200,2762,Burp Collaborator https://burpcollaborator.net/,,
d.huskpup.com,d.huskpup.com,PASS_WITH_WARNINGS,8,9,1,88.89,True,38.100.163.98,False,6152,,timed out,True,255,,,True,227,,,True,464,220 d.huskpup.com Burp Collaborator Server ready,,True,1132,220 d.huskpup.com Burp Collaborator Server ready,,True,1352,220 d.huskpup.com Burp Collaborator Server ready,,True,200,489,Burp Collaborator https://burpcollaborator.net/,,,True,200,1301,Burp Collaborator https://burpcollaborator.net/,,
collab.cipherix.fi,collab.cipherix.fi,PASS_WITH_WARNINGS,8,9,1,88.89,True,164.90.180.119,False,6003,,timed out,True,261,,,True,373,,,True,524,220 collab.cipherix.fi Burp Collaborator Server ready,,True,525,220 collab.cipherix.fi Burp Collaborator Server ready,,True,1451,220 collab.cipherix.fi Burp Collaborator Server ready,,True,200,644,Burp Collaborator https://burpcollaborator.net/,,,True,200,1184,Burp Collaborator https://burpcollaborator.net/,,
cbx.r3dtm.net,cbx.r3dtm.net,PASS_WITH_WARNINGS,8,9,1,88.89,True,206.189.219.154,False,3050,,[WinError 10061] 由于目标计算机积极拒绝，无法连接。,True,1340,,,True,181,,,True,346,220 cbx.r3dtm.net Burp Collaborator Server ready,,True,365,220 cbx.r3dtm.net Burp Collaborator Server ready,,True,1712,220 cbx.r3dtm.net Burp Collaborator Server ready,,True,200,366,Burp Collaborator https://burpcollaborator.net/,,,True,200,1912,Burp Collaborator https://burpcollaborator.net/,,
104.155.53.206,104.155.53.206,PASS_WITH_WARNINGS,7,9,2,77.78,True,104.155.53.206,False,3419,,[WinError 10061] 由于目标计算机积极拒绝，无法连接。,True,1284,,,True,275,,,True,497,220 bc.on2.us Burp Collaborator Server ready,,True,552,220 bc.on2.us Burp Collaborator Server ready,,False,1017,,"[SSL: CERTIFICATE_VERIFY_FAILED] certificate verify failed: IP address mismatch, certificate is not valid for '104.155.53.206'. (_ssl.c:992)",True,200,518,Burp Collaborator https://burpcollaborator.net/,,,True,200,1760,Burp Collaborator https://burpcollaborator.net/,,
prodsec.atko-burp.com,prodsec.atko-burp.com,PASS_WITH_WARNINGS,7,9,2,77.78,True,172.236.227.243,False,3008,,[WinError 10061] 由于目标计算机积极拒绝，无法连接。,True,180,,,True,175,,,True,361,220 prodsec.atko-burp.com Burp Collaborator Server ready,,True,949,220 prodsec.atko-burp.com Burp Collaborator Server ready,,False,1607,,"[SSL: CERTIFICATE_VERIFY_FAILED] certificate verify failed: Hostname mismatch, certificate is not valid for 'prodsec.atko-burp.com'. (_ssl.c:992)",True,200,370,Burp Collaborator https://burpcollaborator.net/,,,True,200,1615,Burp Collaborator https://burpcollaborator.net/,,
38.27.163.248,38.27.163.248,PASS_WITH_WARNINGS,7,9,2,77.78,True,38.27.163.248,False,3212,,[WinError 10061] 由于目标计算机积极拒绝，无法连接。,True,281,,,True,230,,,True,608,220 collab.carercentermd.com Burp Collaborator Server ready,,True,599,220 collab.carercentermd.com Burp Collaborator Server ready,,False,1288,,"[SSL: CERTIFICATE_VERIFY_FAILED] certificate verify failed: IP address mismatch, certificate is not valid for '38.27.163.248'. (_ssl.c:992)",True,200,497,Burp Collaborator https://burpcollaborator.net/,,,True,200,1646,Burp Collaborator https://burpcollaborator.net/,,
164.90.180.119,164.90.180.119,PASS_WITH_WARNINGS,7,9,2,77.78,True,164.90.180.119,False,6082,,timed out,True,349,,,True,1340,,,True,533,220 collab.cipherix.fi Burp Collaborator Server ready,,True,1338,220 collab.cipherix.fi Burp Collaborator Server ready,,False,1036,,"[SSL: CERTIFICATE_VERIFY_FAILED] certificate verify failed: IP address mismatch, certificate is not valid for '164.90.180.119'. (_ssl.c:992)",True,200,731,Burp Collaborator https://burpcollaborator.net/,,,True,200,1681,Burp Collaborator https://burpcollaborator.net/,,
3.27.222.163,3.27.222.163,PASS_WITH_WARNINGS,7,9,2,77.78,True,3.27.222.163,False,2740,,[WinError 10061] 由于目标计算机积极拒绝，无法连接。,True,156,,,True,147,,,True,289,220 burpcollaborator.elttam.au Burp Collaborator Server ready,,True,420,220 burpcollaborator.elttam.au Burp Collaborator Server ready,,False,919,,"[SSL: CERTIFICATE_VERIFY_FAILED] certificate verify failed: IP address mismatch, certificate is not valid for '3.27.222.163'. (_ssl.c:992)",True,200,298,Burp Collaborator https://burpcollaborator.net/,,,True,200,714,Burp Collaborator https://burpcollaborator.net/,,
151.80.216.232,151.80.216.232,PASS_WITH_WARNINGS,7,9,2,77.78,True,151.80.216.232,False,3184,,[WinError 10061] 由于目标计算机积极拒绝，无法连接。,True,243,,,True,217,,,True,441,220 bc.ownsec.red Burp Collaborator Server ready,,True,402,220 bc.ownsec.red Burp Collaborator Server ready,,False,973,,"[SSL: CERTIFICATE_VERIFY_FAILED] certificate verify failed: IP address mismatch, certificate is not valid for '151.80.216.232'. (_ssl.c:992)",True,200,468,Burp Collaborator https://burpcollaborator.net/,,,True,200,1119,Burp Collaborator https://burpcollaborator.net/,,
https://collab.ebayred.team,collab.ebayred.team,PASS_WITH_WARNINGS,7,9,2,77.78,True,35.232.14.10,False,6014,,timed out,True,257,,,True,299,,,True,633,220 collab.ebayred.team Burp Collaborator Server ready,,True,508,220 collab.ebayred.team Burp Collaborator Server ready,,False,785,,"[SSL: CERTIFICATE_VERIFY_FAILED] certificate verify failed: Hostname mismatch, certificate is not valid for 'collab.ebayred.team'. (_ssl.c:992)",True,200,1979,Burp Collaborator https://burpcollaborator.net/,,,True,200,3183,Burp Collaborator https://burpcollaborator.net/,,
128.199.181.95,128.199.181.95,PASS_WITH_WARNINGS,7,9,2,77.78,True,128.199.181.95,False,3740,,[WinError 10061] 由于目标计算机积极拒绝，无法连接。,True,451,,,True,359,,,True,1607,220 b.p7z.pw Burp Collaborator Server ready,,True,861,220 b.p7z.pw Burp Collaborator Server ready,,False,1219,,"[SSL: CERTIFICATE_VERIFY_FAILED] certificate verify failed: IP address mismatch, certificate is not valid for '128.199.181.95'. (_ssl.c:992)",True,200,720,Burp Collaborator https://burpcollaborator.net/,,,True,200,1551,Burp Collaborator https://burpcollaborator.net/,,
212.51.144.131,212.51.144.131,PASS_WITH_WARNINGS,7,9,2,77.78,True,212.51.144.131,False,3355,,[WinError 10061] 由于目标计算机积极拒绝，无法连接。,True,326,,,True,265,,,True,521,220 collab.mod0.ch Burp Collaborator Server ready,,True,529,220 collab.mod0.ch Burp Collaborator Server ready,,False,647,,"[SSL: CERTIFICATE_VERIFY_FAILED] certificate verify failed: IP address mismatch, certificate is not valid for '212.51.144.131'. (_ssl.c:992)",True,200,533,Burp Collaborator https://burpcollaborator.net/,,,True,200,2515,Burp Collaborator https://burpcollaborator.net/,,
www.campnet.pl,www.campnet.pl,PASS_WITH_WARNINGS,7,9,2,77.78,True,164.92.128.50,False,3307,,[WinError 10061] 由于目标计算机积极拒绝，无法连接。,True,325,,,True,258,,,True,511,220 dc-eu014.campnet.pl Burp Collaborator Server ready,,True,502,220 dc-eu014.campnet.pl Burp Collaborator Server ready,,False,933,,"[SSL: CERTIFICATE_VERIFY_FAILED] certificate verify failed: Hostname mismatch, certificate is not valid for 'www.campnet.pl'. (_ssl.c:992)",True,200,555,Burp Collaborator https://burpcollaborator.net/,,,True,200,1148,Burp Collaborator https://burpcollaborator.net/,,
130.162.240.54,130.162.240.54,PASS_WITH_WARNINGS,7,9,2,77.78,True,130.162.240.54,False,3090,,[WinError 10061] 由于目标计算机积极拒绝，无法连接。,True,177,,,True,187,,,True,403,220 cb.4x.pw Burp Collaborator Server ready,,True,375,220 cb.4x.pw Burp Collaborator Server ready,,False,696,,"[SSL: CERTIFICATE_VERIFY_FAILED] certificate verify failed: IP address mismatch, certificate is not valid for '130.162.240.54'. (_ssl.c:992)",True,200,386,Burp Collaborator https://burpcollaborator.net/,,,True,200,877,Burp Collaborator https://burpcollaborator.net/,,
142.93.47.161,142.93.47.161,PASS_WITH_WARNINGS,7,9,2,77.78,True,142.93.47.161,False,3362,,[WinError 10061] 由于目标计算机积极拒绝，无法连接。,True,268,,,True,268,,,True,501,220 collab.onsecurity.tech Burp Collaborator Server ready,,True,579,220 collab.onsecurity.tech Burp Collaborator Server ready,,False,875,,"[SSL: CERTIFICATE_VERIFY_FAILED] certificate verify failed: IP address mismatch, certificate is not valid for '142.93.47.161'. (_ssl.c:992)",True,200,514,Burp Collaborator https://burpcollaborator.net/,OnSecurity Collaborator,,True,200,2744,Burp Collaborator https://burpcollaborator.net/,OnSecurity Collaborator,
107.172.137.224,107.172.137.224,PASS_WITH_WARNINGS,7,9,2,77.78,True,107.172.137.224,False,3208,,[WinError 10061] 由于目标计算机积极拒绝，无法连接。,True,1276,,,True,235,,,True,514,220 collaborator.cyber-evaluation.xyz Burp Collaborator Server ready,,True,477,220 collaborator.cyber-evaluation.xyz Burp Collaborator Server ready,,False,1051,,"[SSL: CERTIFICATE_VERIFY_FAILED] certificate verify failed: IP address mismatch, certificate is not valid for '107.172.137.224'. (_ssl.c:992)",True,200,600,Burp Collaborator https://burpcollaborator.net/,,,True,200,1426,Burp Collaborator https://burpcollaborator.net/,,
167.172.249.98,167.172.249.98,PASS_WITH_WARNINGS,7,9,2,77.78,True,167.172.249.98,False,6015,,timed out,True,259,,,True,255,,,True,2225,220 c.tracemytraffic.com Burp Collaborator Server ready,,True,512,220 c.tracemytraffic.com Burp Collaborator Server ready,,False,598,,"[SSL: CERTIFICATE_VERIFY_FAILED] certificate verify failed: IP address mismatch, certificate is not valid for '167.172.249.98'. (_ssl.c:992)",True,200,456,Burp Collaborator https://burpcollaborator.net/,,,True,200,2458,Burp Collaborator https://burpcollaborator.net/,,
16.171.164.1,16.171.164.1,PASS_WITH_WARNINGS,7,9,2,77.78,True,16.171.164.1,False,6003,,timed out,True,220,,,True,226,,,True,450,220 collaborator.assured.se Burp Collaborator Server ready,,True,471,220 collaborator.assured.se Burp Collaborator Server ready,,False,825,,"[SSL: CERTIFICATE_VERIFY_FAILED] certificate verify failed: IP address mismatch, certificate is not valid for '16.171.164.1'. (_ssl.c:992)",True,200,509,Burp Collaborator https://burpcollaborator.net/,,,True,200,1206,Burp Collaborator https://burpcollaborator.net/,,
76.74.127.190,76.74.127.190,PASS_WITH_WARNINGS,7,9,2,77.78,True,76.74.127.190,False,6001,,timed out,True,194,,,True,188,,,True,1000,220 burp.dditb.com Burp Collaborator Server ready,,True,451,220 burp.dditb.com Burp Collaborator Server ready,,False,848,,"[SSL: CERTIFICATE_VERIFY_FAILED] certificate verify failed: IP address mismatch, certificate is not valid for '76.74.127.190'. (_ssl.c:992)",True,200,437,Burp Collaborator https://burpcollaborator.net/,,,True,200,1172,Burp Collaborator https://burpcollaborator.net/,,
107.173.181.110,107.173.181.110,PASS_WITH_WARNINGS,7,9,2,77.78,True,107.173.181.110,False,4295,,[WinError 10061] 由于目标计算机积极拒绝，无法连接。,True,204,,,True,196,,,True,471,220 burp.000708.xyz Burp Collaborator Server ready,,True,1652,220 burp.000708.xyz Burp Collaborator Server ready,,False,1805,,"[SSL: CERTIFICATE_VERIFY_FAILED] certificate verify failed: IP address mismatch, certificate is not valid for '107.173.181.110'. (_ssl.c:992)",True,200,402,Burp Collaborator https://burpcollaborator.net/,,,True,200,1070,Burp Collaborator https://burpcollaborator.net/,,
149.210.173.3,149.210.173.3,PASS_WITH_WARNINGS,7,9,2,77.78,True,149.210.173.3,False,3343,,[WinError 10061] 由于目标计算机积极拒绝，无法连接。,True,341,,,True,351,,,True,509,220 collab.vpn.s-force.nl Burp Collaborator Server ready,,True,527,220 collab.vpn.s-force.nl Burp Collaborator Server ready,,False,733,,"[SSL: CERTIFICATE_VERIFY_FAILED] certificate verify failed: IP address mismatch, certificate is not valid for '149.210.173.3'. (_ssl.c:992)",True,200,581,Burp Collaborator https://burpcollaborator.net/,,,True,200,1187,Burp Collaborator https://burpcollaborator.net/,,
https://collab.gainc.de,collab.gainc.de,PASS_WITH_WARNINGS,8,9,1,88.89,True,40.113.50.89,False,6007,,timed out,True,324,,,True,302,,,True,434,220 collab.gainc.de Burp Collaborator Server ready,,True,580,220 collab.gainc.de Burp Collaborator Server ready,,True,2422,220 collab.gainc.de Burp Collaborator Server ready,,True,200,750,Burp Collaborator https://burpcollaborator.net/,,,True,200,1733,Burp Collaborator https://burpcollaborator.net/,,
https://campnet.pl,campnet.pl,PASS_WITH_WARNINGS,8,9,1,88.89,True,164.92.128.50,False,3371,,[WinError 10061] 由于目标计算机积极拒绝，无法连接。,True,251,,,True,1398,,,True,631,220 dc-eu014.campnet.pl Burp Collaborator Server ready,,True,518,220 dc-eu014.campnet.pl Burp Collaborator Server ready,,True,1417,220 dc-eu014.campnet.pl Burp Collaborator Server ready,,True,200,1996,Burp Collaborator https://burpcollaborator.net/,,,True,200,1271,Burp Collaborator https://burpcollaborator.net/,,
23.239.11.176,23.239.11.176,PASS_WITH_WARNINGS,7,9,2,77.78,True,23.239.11.176,False,4485,,[WinError 10061] 由于目标计算机积极拒绝，无法连接。,True,241,,,True,397,,,True,468,220 pscollab.com Burp Collaborator Server ready,,True,496,220 pscollab.com Burp Collaborator Server ready,,False,843,,"[SSL: CERTIFICATE_VERIFY_FAILED] certificate verify failed: IP address mismatch, certificate is not valid for '23.239.11.176'. (_ssl.c:992)",True,200,477,Burp Collaborator https://burpcollaborator.net/,,,True,200,1948,Burp Collaborator https://burpcollaborator.net/,,
31.44.88.158,31.44.88.158,PASS_WITH_WARNINGS,7,9,2,77.78,True,31.44.88.158,False,6010,,timed out,True,247,,,True,238,,,True,543,220 ssrf.pro Burp Collaborator Server ready,,True,576,220 ssrf.pro Burp Collaborator Server ready,,False,1189,,"[SSL: CERTIFICATE_VERIFY_FAILED] certificate verify failed: IP address mismatch, certificate is not valid for '31.44.88.158'. (_ssl.c:992)",True,200,1521,Burp Collaborator https://burpcollaborator.net/,,,True,200,4175,Burp Collaborator https://burpcollaborator.net/,,
37.60.254.170,37.60.254.170,PASS_WITH_WARNINGS,7,9,2,77.78,True,37.60.254.170,False,3427,,[WinError 10061] 由于目标计算机积极拒绝，无法连接。,True,243,,,True,318,,,True,511,220 hax642.opsecfail.xyz Burp Collaborator Server ready,,True,493,220 hax642.opsecfail.xyz Burp Collaborator Server ready,,False,871,,"[SSL: CERTIFICATE_VERIFY_FAILED] certificate verify failed: IP address mismatch, certificate is not valid for '37.60.254.170'. (_ssl.c:992)",True,200,561,Burp Collaborator https://burpcollaborator.net/,,,True,200,1237,Burp Collaborator https://burpcollaborator.net/,,
143.244.212.178,143.244.212.178,FAIL,6,9,3,66.67,True,143.244.212.178,False,3200,,[WinError 10061] 由于目标计算机积极拒绝，无法连接。,True,240,,,False,6004,,timed out,True,457,220 c.c2.rip Burp Collaborator Server ready,,True,457,220 c.c2.rip Burp Collaborator Server ready,,False,789,,"[SSL: CERTIFICATE_VERIFY_FAILED] certificate verify failed: IP address mismatch, certificate is not valid for '143.244.212.178'. (_ssl.c:992)",True,200,554,Burp Collaborator https://burpcollaborator.net/,,,True,200,1101,Burp Collaborator https://burpcollaborator.net/,,
49.255.213.133,49.255.213.133,FAIL,1,9,8,11.11,True,49.255.213.133,False,6004,,timed out,False,6022,,timed out,False,6001,,timed out,False,6006,,timed out,False,6060,,timed out,False,6028,,timed out,False,,6008,,,"HTTPConnectionPool(host='49.255.213.133', port=80): Max retries exceeded with url: / (Caused by ConnectTimeoutError(<HTTPConnection(host='49.255.213.133', port=80) at 0x2cd0db33950>, 'Connection to 49.255.213.133 timed out. (connect timeout=6.0)'))",False,,6014,,,"HTTPSConnectionPool(host='49.255.213.133', port=443): Max retries exceeded with url: / (Caused by ConnectTimeoutError(<HTTPSConnection(host='49.255.213.133', port=443) at 0x2cd0dabdc90>, 'Connection to 49.255.213.133 timed out. (connect timeout=6.0)'))"
https://dc-eu014.campnet.pl,dc-eu014.campnet.pl,PASS_WITH_WARNINGS,8,9,1,88.89,True,164.92.128.50,False,3456,,[WinError 10061] 由于目标计算机积极拒绝，无法连接。,True,260,,,True,255,,,True,513,220 dc-eu014.campnet.pl Burp Collaborator Server ready,,True,514,220 dc-eu014.campnet.pl Burp Collaborator Server ready,,True,1491,220 dc-eu014.campnet.pl Burp Collaborator Server ready,,True,200,589,Burp Collaborator https://burpcollaborator.net/,,,True,200,1177,Burp Collaborator https://burpcollaborator.net/,,
40.71.163.162,40.71.163.162,PASS_WITH_WARNINGS,7,9,2,77.78,True,40.71.163.162,False,6014,,timed out,True,254,,,True,294,,,True,510,220 bmoburpcollab.ca Burp Collaborator Server ready,,True,500,220 bmoburpcollab.ca Burp Collaborator Server ready,,False,897,,"[SSL: CERTIFICATE_VERIFY_FAILED] certificate verify failed: IP address mismatch, certificate is not valid for '40.71.163.162'. (_ssl.c:992)",True,200,511,Burp Collaborator https://burpcollaborator.net/,,,True,200,1776,Burp Collaborator https://burpcollaborator.net/,,
70.34.195.164,70.34.195.164,PASS_WITH_WARNINGS,7,9,2,77.78,True,70.34.195.164,False,6003,,timed out,True,243,,,True,241,,,True,430,220 br.ht Burp Collaborator Server ready,,True,2185,220 br.ht Burp Collaborator Server ready,,False,826,,"[SSL: CERTIFICATE_VERIFY_FAILED] certificate verify failed: IP address mismatch, certificate is not valid for '70.34.195.164'. (_ssl.c:992)",True,200,447,Burp Collaborator https://burpcollaborator.net/,,,True,200,2152,Burp Collaborator https://burpcollaborator.net/,,
46.105.92.192,46.105.92.192,PASS_WITH_WARNINGS,7,9,2,77.78,True,46.105.92.192,False,3130,,[WinError 10061] 由于目标计算机积极拒绝，无法连接。,True,210,,,True,200,,,True,491,220 0-h.com Burp Collaborator Server ready,,True,1523,220 0-h.com Burp Collaborator Server ready,,False,756,,"[SSL: CERTIFICATE_VERIFY_FAILED] certificate verify failed: IP address mismatch, certificate is not valid for '46.105.92.192'. (_ssl.c:992)",True,200,542,Burp Collaborator https://burpcollaborator.net/,,,True,200,895,Burp Collaborator https://burpcollaborator.net/,,
157.230.61.47,157.230.61.47,PASS_WITH_WARNINGS,7,9,2,77.78,True,157.230.61.47,False,6002,,timed out,True,248,,,True,238,,,True,475,220 rsmcollaborator.com Burp Collaborator Server ready,,True,463,220 rsmcollaborator.com Burp Collaborator Server ready,,False,819,,"[SSL: CERTIFICATE_VERIFY_FAILED] certificate verify failed: IP address mismatch, certificate is not valid for '157.230.61.47'. (_ssl.c:992)",True,200,483,Burp Collaborator https://burpcollaborator.net/,,,True,200,1399,Burp Collaborator https://burpcollaborator.net/,,
collaborator.hckempresas.com,collaborator.hckempresas.com,PASS_WITH_WARNINGS,8,9,1,88.89,True,20.16.108.198,False,3870,,[WinError 10061] 由于目标计算机积极拒绝，无法连接。,True,372,,,True,1392,,,True,656,220 collaborator.hckempresas.com Burp Collaborator Server ready,,True,1280,220 collaborator.hckempresas.com Burp Collaborator Server ready,,True,1775,220 collaborator.hckempresas.com Burp Collaborator Server ready,,True,200,532,Burp Collaborator https://burpcollaborator.net/,,,True,200,1547,Burp Collaborator https://burpcollaborator.net/,,
37.17.216.149,37.17.216.149,PASS_WITH_WARNINGS,7,9,2,77.78,True,37.17.216.149,False,6001,,timed out,True,269,,,True,327,,,True,578,220 falcon.sfy.nl Burp Collaborator Server ready,,True,519,220 falcon.sfy.nl Burp Collaborator Server ready,,False,896,,"[SSL: CERTIFICATE_VERIFY_FAILED] certificate verify failed: IP address mismatch, certificate is not valid for '37.17.216.149'. (_ssl.c:992)",True,200,580,Burp Collaborator https://burpcollaborator.net/,,,True,200,1195,Burp Collaborator https://burpcollaborator.net/,,
5.196.105.2,5.196.105.2,PASS_WITH_WARNINGS,7,9,2,77.78,True,5.196.105.2,False,3368,,[WinError 10061] 由于目标计算机积极拒绝，无法连接。,True,220,,,True,218,,,True,1438,220 collab.digi.ninja Burp Collaborator Server ready,,True,396,220 collab.digi.ninja Burp Collaborator Server ready,,False,754,,"[SSL: CERTIFICATE_VERIFY_FAILED] certificate verify failed: IP address mismatch, certificate is not valid for '5.196.105.2'. (_ssl.c:992)",True,200,483,Burp Collaborator https://burpcollaborator.net/,Collab Server,,True,200,1218,Burp Collaborator https://burpcollaborator.net/,Collab Server,
206.189.205.156,206.189.205.156,PASS_WITH_WARNINGS,7,9,2,77.78,True,206.189.205.156,False,3193,,[WinError 10061] 由于目标计算机积极拒绝，无法连接。,True,248,,,True,1321,,,True,496,220 e.sigint.nyc Burp Collaborator Server ready,,True,488,220 e.sigint.nyc Burp Collaborator Server ready,,False,1053,,"[SSL: CERTIFICATE_VERIFY_FAILED] certificate verify failed: IP address mismatch, certificate is not valid for '206.189.205.156'. (_ssl.c:992)",True,200,568,Burp Collaborator https://burpcollaborator.net/,,,True,200,1094,Burp Collaborator https://burpcollaborator.net/,,
burpcollaborator.spiral-sec.com,burpcollaborator.spiral-sec.com,PASS_WITH_WARNINGS,8,9,1,88.89,True,172.105.159.243,False,3260,,[WinError 10061] 由于目标计算机积极拒绝，无法连接。,True,243,,,True,244,,,True,477,220 burpcollaborator.spiral-sec.com Burp Collaborator Server ready,,True,1885,220 burpcollaborator.spiral-sec.com Burp Collaborator Server ready,,True,2112,220 burpcollaborator.spiral-sec.com Burp Collaborator Server ready,,True,200,584,Burp Collaborator https://burpcollaborator.net/,,,True,200,1121,Burp Collaborator https://burpcollaborator.net/,,
165.22.72.64,165.22.72.64,PASS_WITH_WARNINGS,7,9,2,77.78,True,165.22.72.64,False,3392,,[WinError 10061] 由于目标计算机积极拒绝，无法连接。,True,258,,,True,353,,,True,524,220 collab.invokeshell.net Burp Collaborator Server ready,,True,542,220 collab.invokeshell.net Burp Collaborator Server ready,,False,880,,"[SSL: CERTIFICATE_VERIFY_FAILED] certificate verify failed: IP address mismatch, certificate is not valid for '165.22.72.64'. (_ssl.c:992)",True,200,530,Burp Collaborator https://burpcollaborator.net/,,,True,200,2510,Burp Collaborator https://burpcollaborator.net/,,
172.236.227.243,172.236.227.243,PASS_WITH_WARNINGS,7,9,2,77.78,True,172.236.227.243,False,2955,,[WinError 10061] 由于目标计算机积极拒绝，无法连接。,True,1186,,,True,172,,,True,956,220 prodsec.atko-burp.com Burp Collaborator Server ready,,True,454,220 prodsec.atko-burp.com Burp Collaborator Server ready,,False,670,,"[SSL: CERTIFICATE_VERIFY_FAILED] certificate verify failed: IP address mismatch, certificate is not valid for '172.236.227.243'. (_ssl.c:992)",True,200,374,Burp Collaborator https://burpcollaborator.net/,,,True,200,1150,Burp Collaborator https://burpcollaborator.net/,,
135.181.199.149,135.181.199.149,PASS_WITH_WARNINGS,7,9,2,77.78,True,135.181.199.149,False,6007,,timed out,True,210,,,True,226,,,True,425,220 0u.fi Burp Collaborator Server ready,,True,455,220 0u.fi Burp Collaborator Server ready,,False,557,,"[SSL: CERTIFICATE_VERIFY_FAILED] certificate verify failed: IP address mismatch, certificate is not valid for '135.181.199.149'. (_ssl.c:992)",True,200,457,Burp Collaborator https://burpcollaborator.net/,,,True,200,1096,Burp Collaborator https://burpcollaborator.net/,,
142.93.174.76,142.93.174.76,PASS_WITH_WARNINGS,7,9,2,77.78,True,142.93.174.76,False,3442,,[WinError 10061] 由于目标计算机积极拒绝，无法连接。,True,262,,,True,285,,,True,577,220 collab.pwne.xyz Burp Collaborator Server ready,,True,553,220 collab.pwne.xyz Burp Collaborator Server ready,,False,651,,"[SSL: CERTIFICATE_VERIFY_FAILED] certificate verify failed: IP address mismatch, certificate is not valid for '142.93.174.76'. (_ssl.c:992)",True,200,555,Burp Collaborator https://burpcollaborator.net/,,,True,200,1141,Burp Collaborator https://burpcollaborator.net/,,
84.22.115.173,84.22.115.173,PASS_WITH_WARNINGS,7,9,2,77.78,True,84.22.115.173,False,3457,,[WinError 10061] 由于目标计算机积极拒绝，无法连接。,True,286,,,True,1259,,,True,493,220 b.inty.io Burp Collaborator Server ready,,True,497,220 b.inty.io Burp Collaborator Server ready,,False,798,,"[SSL: CERTIFICATE_VERIFY_FAILED] certificate verify failed: IP address mismatch, certificate is not valid for '84.22.115.173'. (_ssl.c:992)",True,200,491,Burp Collaborator https://burpcollaborator.net/,,,True,200,1175,Burp Collaborator https://burpcollaborator.net/,,
92.222.178.185,92.222.178.185,PASS_WITH_WARNINGS,8,9,1,88.89,True,92.222.178.185,True,218,,,True,201,,,True,230,,,True,447,220 yhies.work Burp Collaborator Server ready,,True,401,220 yhies.work Burp Collaborator Server ready,,False,614,,"[SSL: CERTIFICATE_VERIFY_FAILED] certificate verify failed: IP address mismatch, certificate is not valid for '92.222.178.185'. (_ssl.c:992)",True,200,408,Burp Collaborator https://burpcollaborator.net/,,,True,200,877,Burp Collaborator https://burpcollaborator.net/,,
82.214.130.195,82.214.130.195,PASS_WITH_WARNINGS,7,9,2,77.78,True,82.214.130.195,False,6005,,timed out,True,228,,,True,225,,,True,421,220 burp.klabpl.com Burp Collaborator Server ready,,True,431,220 burp.klabpl.com Burp Collaborator Server ready,,False,704,,"[SSL: CERTIFICATE_VERIFY_FAILED] certificate verify failed: IP address mismatch, certificate is not valid for '82.214.130.195'. (_ssl.c:992)",True,200,462,Burp Collaborator https://burpcollaborator.net/,,,True,200,1837,Burp Collaborator https://burpcollaborator.net/,,
https://b.k0.lc,b.k0.lc,PASS_WITH_WARNINGS,7,9,2,77.78,True,45.147.97.226,False,6053,,timed out,True,203,,,True,491,,,True,480,220 b.k0.lc Burp Collaborator Server ready,,True,475,220 b.k0.lc Burp Collaborator Server ready,,False,765,,[SSL: CERTIFICATE_VERIFY_FAILED] certificate verify failed: certificate has expired (_ssl.c:992),True,200,871,Burp Collaborator https://burpcollaborator.net/,,,True,200,1294,Burp Collaborator https://burpcollaborator.net/,,
40.71.230.157,40.71.230.157,PASS_WITH_WARNINGS,7,9,2,77.78,True,40.71.230.157,False,6008,,timed out,True,261,,,True,251,,,True,511,220 c.trackz.one Burp Collaborator Server ready,,True,510,220 c.trackz.one Burp Collaborator Server ready,,False,892,,"[SSL: CERTIFICATE_VERIFY_FAILED] certificate verify failed: IP address mismatch, certificate is not valid for '40.71.230.157'. (_ssl.c:992)",True,200,565,Burp Collaborator https://burpcollaborator.net/,,,True,200,1588,Burp Collaborator https://burpcollaborator.net/,,
20.253.226.62,20.253.226.62,PASS_WITH_WARNINGS,7,9,2,77.78,True,20.253.226.62,False,6012,,timed out,True,172,,,True,250,,,True,357,220 burpcollab.anvilsec.com Burp Collaborator Server ready,,True,343,220 burpcollab.anvilsec.com Burp Collaborator Server ready,,False,733,,"[SSL: CERTIFICATE_VERIFY_FAILED] certificate verify failed: IP address mismatch, certificate is not valid for '20.253.226.62'. (_ssl.c:992)",True,200,441,Burp Collaborator https://burpcollaborator.net/,,,True,200,1170,Burp Collaborator https://burpcollaborator.net/,,
49.13.147.69,49.13.147.69,PASS_WITH_WARNINGS,7,9,2,77.78,True,49.13.147.69,False,3231,,[WinError 10061] 由于目标计算机积极拒绝，无法连接。,True,290,,,True,1244,,,True,436,220 collab.iteratec.de Burp Collaborator Server ready,,True,420,220 collab.iteratec.de Burp Collaborator Server ready,,False,805,,"[SSL: CERTIFICATE_VERIFY_FAILED] certificate verify failed: IP address mismatch, certificate is not valid for '49.13.147.69'. (_ssl.c:992)",True,200,452,Burp Collaborator https://burpcollaborator.net/,,,True,200,1149,Burp Collaborator https://burpcollaborator.net/,,
139.180.158.199,139.180.158.199,FAIL,5,9,4,55.56,True,139.180.158.199,False,3924,,[WinError 10061] 由于目标计算机积极拒绝，无法连接。,True,359,,,True,476,,,False,6002,,timed out,False,6011,,timed out,False,6001,,timed out,True,200,911,Burp Collaborator https://burpcollaborator.net/,,,True,200,1682,Burp Collaborator https://burpcollaborator.net/,,
157.245.156.207,157.245.156.207,PASS_WITH_WARNINGS,7,9,2,77.78,True,157.245.156.207,False,5250,,[WinError 10061] 由于目标计算机积极拒绝，无法连接。,True,366,,,True,383,,,True,743,220 b.vapt.team Burp Collaborator Server ready,,True,676,220 b.vapt.team Burp Collaborator Server ready,,False,1683,,"[SSL: CERTIFICATE_VERIFY_FAILED] certificate verify failed: IP address mismatch, certificate is not valid for '157.245.156.207'. (_ssl.c:992)",True,200,904,Burp Collaborator https://burpcollaborator.net/,,,True,200,1547,Burp Collaborator https://burpcollaborator.net/,,
83.137.117.44,83.137.117.44,PASS_WITH_WARNINGS,7,9,2,77.78,True,83.137.117.44,False,3646,,[WinError 10061] 由于目标计算机积极拒绝，无法连接。,True,204,,,True,250,,,True,467,220 test.ztp-col.com Burp Collaborator Server ready,,True,529,220 test.ztp-col.com Burp Collaborator Server ready,,False,824,,[SSL: CERTIFICATE_VERIFY_FAILED] certificate verify failed: self signed certificate (_ssl.c:992),True,200,449,Burp Collaborator https://burpcollaborator.net/,,,True,200,976,Burp Collaborator https://burpcollaborator.net/,,
94.237.118.10,94.237.118.10,PASS_WITH_WARNINGS,7,9,2,77.78,True,94.237.118.10,False,6076,,timed out,True,405,,,True,552,,,True,2215,220 nopjt.com Burp Collaborator Server ready,,True,705,220 nopjt.com Burp Collaborator Server ready,,False,3497,,"[SSL: CERTIFICATE_VERIFY_FAILED] certificate verify failed: IP address mismatch, certificate is not valid for '94.237.118.10'. (_ssl.c:992)",True,200,596,Burp Collaborator https://burpcollaborator.net/,,,True,200,1202,Burp Collaborator https://burpcollaborator.net/,,
51.77.222.226,51.77.222.226,PASS_WITH_WARNINGS,8,9,1,88.89,True,51.77.222.226,True,218,,,True,219,,,True,206,,,True,446,220 yxta.me Burp Collaborator Server ready,,True,409,220 yxta.me Burp Collaborator Server ready,,False,898,,"[SSL: CERTIFICATE_VERIFY_FAILED] certificate verify failed: IP address mismatch, certificate is not valid for '51.77.222.226'. (_ssl.c:992)",True,200,401,Burp Collaborator https://burpcollaborator.net/,,,True,200,985,Burp Collaborator https://burpcollaborator.net/,,
https://c.tracemytraffic.com,c.tracemytraffic.com,PASS_WITH_WARNINGS,7,9,2,77.78,True,167.172.249.98,False,3255,,[WinError 10061] 由于目标计算机积极拒绝，无法连接。,True,240,,,True,239,,,True,467,220 c.tracemytraffic.com Burp Collaborator Server ready,,True,490,220 c.tracemytraffic.com Burp Collaborator Server ready,,False,1094,,"[SSL: CERTIFICATE_VERIFY_FAILED] certificate verify failed: Hostname mismatch, certificate is not valid for 'c.tracemytraffic.com'. (_ssl.c:992)",True,200,1763,Burp Collaborator https://burpcollaborator.net/,,,True,200,1195,Burp Collaborator https://burpcollaborator.net/,,
195.201.131.136,195.201.131.136,FAIL,1,9,8,11.11,True,195.201.131.136,False,6012,,timed out,False,3099,,[WinError 10061] 由于目标计算机积极拒绝，无法连接。,False,6006,,timed out,False,6084,,timed out,False,3134,,[WinError 10061] 由于目标计算机积极拒绝，无法连接。,False,4362,,[WinError 10061] 由于目标计算机积极拒绝，无法连接。,False,,3121,,,"HTTPConnectionPool(host='195.201.131.136', port=80): Max retries exceeded with url: / (Caused by NewConnectionError(""HTTPConnection(host='195.201.131.136', port=80): Failed to establish a new connection: [WinError 10061] 由于目标计算机积极拒绝，无法连接。""))",False,,3110,,,"HTTPSConnectionPool(host='195.201.131.136', port=443): Max retries exceeded with url: / (Caused by NewConnectionError(""HTTPSConnection(host='195.201.131.136', port=443): Failed to establish a new connection: [WinError 10061] 由于目标计算机积极拒绝，无法连接。""))"
167.71.56.129,167.71.56.129,PASS_WITH_WARNINGS,7,9,2,77.78,True,167.71.56.129,False,3452,,[WinError 10061] 由于目标计算机积极拒绝，无法连接。,True,267,,,True,423,,,True,514,220 ph-ekovoltis.pl Burp Collaborator Server ready,,True,505,220 ph-ekovoltis.pl Burp Collaborator Server ready,,False,873,,"[SSL: CERTIFICATE_VERIFY_FAILED] certificate verify failed: IP address mismatch, certificate is not valid for '167.71.56.129'. (_ssl.c:992)",True,200,532,Burp Collaborator https://burpcollaborator.net/,,,True,200,5531,Burp Collaborator https://burpcollaborator.net/,,
165.232.128.79,165.232.128.79,PASS_WITH_WARNINGS,7,9,2,77.78,True,165.232.128.79,False,2812,,[WinError 10061] 由于目标计算机积极拒绝，无法连接。,True,178,,,True,155,,,True,338,220 burp.corpvus.com Burp Collaborator Server ready,,True,325,220 burp.corpvus.com Burp Collaborator Server ready,,False,644,,"[SSL: CERTIFICATE_VERIFY_FAILED] certificate verify failed: IP address mismatch, certificate is not valid for '165.232.128.79'. (_ssl.c:992)",True,200,392,Burp Collaborator https://burpcollaborator.net/,,,True,200,768,Burp Collaborator https://burpcollaborator.net/,,
https://collabo.tarchimb.org,collabo.tarchimb.org,PASS_WITH_WARNINGS,7,9,2,77.78,True,217.154.124.212,False,3137,,[WinError 10061] 由于目标计算机积极拒绝，无法连接。,True,231,,,True,222,,,True,441,220 collabo.tarchimb.org Burp Collaborator Server ready,,True,441,220 collabo.tarchimb.org Burp Collaborator Server ready,,False,1774,,[SSL: CERTIFICATE_VERIFY_FAILED] certificate verify failed: certificate has expired (_ssl.c:992),True,200,487,Burp Collaborator https://burpcollaborator.net/,,,True,200,1018,Burp Collaborator https://burpcollaborator.net/,,
109.199.127.102,109.199.127.102,PASS_WITH_WARNINGS,7,9,2,77.78,True,109.199.127.102,False,3489,,[WinError 10061] 由于目标计算机积极拒绝，无法连接。,True,264,,,True,1268,,,True,1528,220 collab.c14dd49h.ovh Burp Collaborator Server ready,,True,522,220 collab.c14dd49h.ovh Burp Collaborator Server ready,,False,910,,"[SSL: CERTIFICATE_VERIFY_FAILED] certificate verify failed: IP address mismatch, certificate is not valid for '109.199.127.102'. (_ssl.c:992)",True,200,566,Burp Collaborator https://burpcollaborator.net/,,,True,200,1743,Burp Collaborator https://burpcollaborator.net/,,
136.144.212.94,136.144.212.94,FAIL,6,9,3,66.67,True,136.144.212.94,False,6011,,timed out,True,361,,,True,248,,,True,1368,220 bc.secura-test.com Burp Collaborator Server ready,,False,6005,,timed out,False,641,,"[SSL: CERTIFICATE_VERIFY_FAILED] certificate verify failed: IP address mismatch, certificate is not valid for '136.144.212.94'. (_ssl.c:992)",True,200,538,Burp Collaborator https://burpcollaborator.net/,,,True,200,1350,Burp Collaborator https://burpcollaborator.net/,,
91.107.199.191,91.107.199.191,PASS_WITH_WARNINGS,7,9,2,77.78,True,91.107.199.191,False,3081,,[WinError 10061] 由于目标计算机积极拒绝，无法连接。,True,207,,,True,193,,,True,386,220 b.4a.io Burp Collaborator Server ready,,True,401,220 b.4a.io Burp Collaborator Server ready,,False,693,,"[SSL: CERTIFICATE_VERIFY_FAILED] certificate verify failed: IP address mismatch, certificate is not valid for '91.107.199.191'. (_ssl.c:992)",True,200,1494,Burp Collaborator https://burpcollaborator.net/,,,True,200,1100,Burp Collaborator https://burpcollaborator.net/,,
138.197.139.91,138.197.139.91,PASS_WITH_WARNINGS,8,9,1,88.89,True,138.197.139.91,True,223,,,True,249,,,True,214,,,True,426,220 collab.collabme.ca Burp Collaborator Server ready,,True,433,220 collab.collabme.ca Burp Collaborator Server ready,,False,1138,,"[SSL: CERTIFICATE_VERIFY_FAILED] certificate verify failed: IP address mismatch, certificate is not valid for '138.197.139.91'. (_ssl.c:992)",True,200,521,Burp Collaborator https://burpcollaborator.net/,,,True,200,1087,Burp Collaborator https://burpcollaborator.net/,,
c.krm.nz,c.krm.nz,PASS_WITH_WARNINGS,8,9,1,88.89,True,170.64.138.211,False,6017,,timed out,True,315,,,True,2413,,,True,1585,220 c.krm.nz Burp Collaborator Server ready,,True,5812,220 c.krm.nz Burp Collaborator Server ready,,True,6018,220 c.krm.nz Burp Collaborator Server ready,,True,200,9909,Burp Collaborator https://burpcollaborator.net/,,,True,200,2598,Burp Collaborator https://burpcollaborator.net/,,
138.124.209.110,138.124.209.110,PASS_WITH_WARNINGS,7,9,2,77.78,True,138.124.209.110,False,6007,,timed out,True,231,,,True,224,,,True,531,220 burp.a1digitalcollab.com Burp Collaborator Server ready,,True,418,220 burp.a1digitalcollab.com Burp Collaborator Server ready,,False,2631,,"[SSL: CERTIFICATE_VERIFY_FAILED] certificate verify failed: IP address mismatch, certificate is not valid for '138.124.209.110'. (_ssl.c:992)",True,200,546,Burp Collaborator https://burpcollaborator.net/,,,True,200,1590,Burp Collaborator https://burpcollaborator.net/,,
212.83.177.83,212.83.177.83,PASS_WITH_WARNINGS,7,9,2,77.78,True,212.83.177.83,False,3327,,[WinError 10061] 由于目标计算机积极拒绝，无法连接。,True,228,,,True,220,,,True,444,220 collaborator.randoritest.fr Burp Collaborator Server ready,,True,462,220 collaborator.randoritest.fr Burp Collaborator Server ready,,False,803,,"[SSL: CERTIFICATE_VERIFY_FAILED] certificate verify failed: IP address mismatch, certificate is not valid for '212.83.177.83'. (_ssl.c:992)",True,200,507,Burp Collaborator https://burpcollaborator.net/,,,True,200,1196,Burp Collaborator https://burpcollaborator.net/,,
198.12.116.99,198.12.116.99,PASS_WITH_WARNINGS,7,9,2,77.78,True,198.12.116.99,False,2991,,[WinError 10061] 由于目标计算机积极拒绝，无法连接。,True,205,,,True,187,,,True,384,220 bpco.telhzfax.top Burp Collaborator Server ready,,True,427,220 bpco.telhzfax.top Burp Collaborator Server ready,,False,846,,"[SSL: CERTIFICATE_VERIFY_FAILED] certificate verify failed: IP address mismatch, certificate is not valid for '198.12.116.99'. (_ssl.c:992)",True,200,391,Burp Collaborator https://burpcollaborator.net/,,,True,200,1345,Burp Collaborator https://burpcollaborator.net/,,
168.215.65.90,168.215.65.90,PASS_WITH_WARNINGS,7,9,2,77.78,True,168.215.65.90,False,2979,,[WinError 10061] 由于目标计算机积极拒绝，无法连接。,True,255,,,True,193,,,True,1975,220 collaborator01.optivlabs.com Burp Collaborator Server ready,,True,369,220 collaborator01.optivlabs.com Burp Collaborator Server ready,,False,751,,"[SSL: CERTIFICATE_VERIFY_FAILED] certificate verify failed: IP address mismatch, certificate is not valid for '168.215.65.90'. (_ssl.c:992)",True,200,415,Burp Collaborator https://burpcollaborator.net/,,,True,200,1663,Burp Collaborator https://burpcollaborator.net/,,
104.236.229.66,104.236.229.66,PASS_WITH_WARNINGS,7,9,2,77.78,True,104.236.229.66,False,6010,,timed out,True,296,,,True,324,,,True,483,220 burp.triaxiomsecurity.com Burp Collaborator Server ready,,True,487,220 burp.triaxiomsecurity.com Burp Collaborator Server ready,,False,915,,"[SSL: CERTIFICATE_VERIFY_FAILED] certificate verify failed: IP address mismatch, certificate is not valid for '104.236.229.66'. (_ssl.c:992)",True,200,1809,Burp Collaborator https://burpcollaborator.net/,,,True,200,2023,Burp Collaborator https://burpcollaborator.net/,,
138.197.147.234,138.197.147.234,PASS_WITH_WARNINGS,7,9,2,77.78,True,138.197.147.234,False,3588,,[WinError 10061] 由于目标计算机积极拒绝，无法连接。,True,244,,,True,220,,,True,434,220 collab.polarsec.xyz Burp Collaborator Server ready,,True,456,220 collab.polarsec.xyz Burp Collaborator Server ready,,False,754,,"[SSL: CERTIFICATE_VERIFY_FAILED] certificate verify failed: IP address mismatch, certificate is not valid for '138.197.147.234'. (_ssl.c:992)",True,200,492,Burp Collaborator https://burpcollaborator.net/,,,True,200,1217,Burp Collaborator https://burpcollaborator.net/,,
38.99.30.43,38.99.30.43,PASS_WITH_WARNINGS,7,9,2,77.78,True,38.99.30.43,False,3281,,[WinError 10061] 由于目标计算机积极拒绝，无法连接。,True,181,,,True,199,,,True,359,220 na.nccburp.com Burp Collaborator Server ready,,True,393,220 na.nccburp.com Burp Collaborator Server ready,,False,606,,"[SSL: CERTIFICATE_VERIFY_FAILED] certificate verify failed: IP address mismatch, certificate is not valid for '38.99.30.43'. (_ssl.c:992)",True,200,1365,Burp Collaborator https://burpcollaborator.net/,,,True,200,978,Burp Collaborator https://burpcollaborator.net/,,
117.72.73.84,117.72.73.84,PASS_WITH_WARNINGS,7,9,2,77.78,True,117.72.73.84,False,2255,,[WinError 10061] 由于目标计算机积极拒绝，无法连接。,True,42,,,True,41,,,True,115,220 burp.juzi995.com Burp Collaborator Server ready,,True,144,220 burp.juzi995.com Burp Collaborator Server ready,,False,293,,"[SSL: CERTIFICATE_VERIFY_FAILED] certificate verify failed: IP address mismatch, certificate is not valid for '117.72.73.84'. (_ssl.c:992)",True,200,136,Burp Collaborator https://burpcollaborator.net/,,,True,200,357,Burp Collaborator https://burpcollaborator.net/,,
161.35.246.210,161.35.246.210,PASS_WITH_WARNINGS,7,9,2,77.78,True,161.35.246.210,False,3573,,[WinError 10061] 由于目标计算机积极拒绝，无法连接。,True,261,,,True,269,,,True,625,220 b.joax.net Burp Collaborator Server ready,,True,530,220 b.joax.net Burp Collaborator Server ready,,False,859,,"[SSL: CERTIFICATE_VERIFY_FAILED] certificate verify failed: IP address mismatch, certificate is not valid for '161.35.246.210'. (_ssl.c:992)",True,200,580,Burp Collaborator https://burpcollaborator.net/,,,True,200,1111,Burp Collaborator https://burpcollaborator.net/,,
139.162.149.137,139.162.149.137,PASS_WITH_WARNINGS,7,9,2,77.78,True,139.162.149.137,False,3749,,[WinError 10061] 由于目标计算机积极拒绝，无法连接。,True,268,,,True,256,,,True,532,220 x.securak.pl Burp Collaborator Server ready,,True,506,220 x.securak.pl Burp Collaborator Server ready,,False,903,,"[SSL: CERTIFICATE_VERIFY_FAILED] certificate verify failed: IP address mismatch, certificate is not valid for '139.162.149.137'. (_ssl.c:992)",True,200,1525,Burp Collaborator https://burpcollaborator.net/,,,True,200,2443,Burp Collaborator https://burpcollaborator.net/,,
23.100.12.228,23.100.12.228,PASS_WITH_WARNINGS,7,9,2,77.78,True,23.100.12.228,False,3087,,[WinError 10061] 由于目标计算机积极拒绝，无法连接。,True,318,,,True,216,,,True,432,220 oast.appsec.qrgcsrt.com Burp Collaborator Server ready,,True,592,220 oast.appsec.qrgcsrt.com Burp Collaborator Server ready,,False,691,,"[SSL: CERTIFICATE_VERIFY_FAILED] certificate verify failed: IP address mismatch, certificate is not valid for '23.100.12.228'. (_ssl.c:992)",True,200,441,Burp Collaborator https://burpcollaborator.net/,,,True,200,964,Burp Collaborator https://burpcollaborator.net/,,
170.64.138.211,170.64.138.211,FAIL,6,9,3,66.67,True,170.64.138.211,False,6000,,timed out,True,385,,,True,421,,,True,3165,220 c.krm.nz Burp Collaborator Server ready,,True,1376,220 c.krm.nz Burp Collaborator Server ready,,False,6416,,_ssl.c:975: The handshake operation timed out,False,,6288,,,"HTTPConnectionPool(host='170.64.138.211', port=80): Read timed out. (read timeout=6.0)",True,200,4217,Burp Collaborator https://burpcollaborator.net/,,
5.9.233.91,5.9.233.91,PASS_WITH_WARNINGS,7,9,2,77.78,True,5.9.233.91,False,3007,,[WinError 10061] 由于目标计算机积极拒绝，无法连接。,True,199,,,True,196,,,True,395,220 bc.x0.ci Burp Collaborator Server ready,,True,390,220 bc.x0.ci Burp Collaborator Server ready,,False,646,,[SSL: CERTIFICATE_VERIFY_FAILED] certificate verify failed: self signed certificate (_ssl.c:992),True,200,410,Burp Collaborator https://burpcollaborator.net/,,,True,200,1569,Burp Collaborator https://burpcollaborator.net/,,
12.110.86.134,12.110.86.134,PASS_WITH_WARNINGS,7,9,2,77.78,True,12.110.86.134,False,3118,,[WinError 10061] 由于目标计算机积极拒绝，无法连接。,True,252,,,True,217,,,True,433,220 wiz8.com Burp Collaborator Server ready,,True,433,220 wiz8.com Burp Collaborator Server ready,,False,1029,,"[SSL: CERTIFICATE_VERIFY_FAILED] certificate verify failed: IP address mismatch, certificate is not valid for '12.110.86.134'. (_ssl.c:992)",True,200,524,Burp Collaborator https://burpcollaborator.net/,,,True,200,947,Burp Collaborator https://burpcollaborator.net/,,
51.38.113.4,51.38.113.4,PASS_WITH_WARNINGS,8,9,1,88.89,True,51.38.113.4,True,198,,,True,208,,,True,225,,,True,410,220 2ol.pw Burp Collaborator Server ready,,True,428,220 2ol.pw Burp Collaborator Server ready,,False,701,,"[SSL: CERTIFICATE_VERIFY_FAILED] certificate verify failed: IP address mismatch, certificate is not valid for '51.38.113.4'. (_ssl.c:992)",True,200,389,Burp Collaborator https://burpcollaborator.net/,,,True,200,990,Burp Collaborator https://burpcollaborator.net/,,
172.237.80.9,172.237.80.9,PASS_WITH_WARNINGS,7,9,2,77.78,True,172.237.80.9,False,6010,,timed out,True,342,,,True,345,,,True,704,220 oscar.pt3.io Burp Collaborator Server ready,,True,669,220 oscar.pt3.io Burp Collaborator Server ready,,False,1867,,"[SSL: CERTIFICATE_VERIFY_FAILED] certificate verify failed: IP address mismatch, certificate is not valid for '172.237.80.9'. (_ssl.c:992)",True,200,684,Burp Collaborator https://burpcollaborator.net/,,,True,200,1567,Burp Collaborator https://burpcollaborator.net/,,
162.55.59.194,162.55.59.194,PASS_WITH_WARNINGS,7,9,2,77.78,True,162.55.59.194,False,6012,,timed out,True,202,,,True,270,,,True,454,220 burpcollab.binsec.com Burp Collaborator Server ready,,True,521,220 burpcollab.binsec.com Burp Collaborator Server ready,,False,754,,"[SSL: CERTIFICATE_VERIFY_FAILED] certificate verify failed: IP address mismatch, certificate is not valid for '162.55.59.194'. (_ssl.c:992)",True,200,1426,Burp Collaborator https://burpcollaborator.net/,,,True,200,2211,Burp Collaborator https://burpcollaborator.net/,,
91.120.23.153,91.120.23.153,PASS_WITH_WARNINGS,7,9,2,77.78,True,91.120.23.153,False,3166,,[WinError 10061] 由于目标计算机积极拒绝，无法连接。,True,297,,,True,210,,,True,419,220 golnk.xyz Burp Collaborator Server ready,,True,421,220 golnk.xyz Burp Collaborator Server ready,,False,522,,"[SSL: CERTIFICATE_VERIFY_FAILED] certificate verify failed: IP address mismatch, certificate is not valid for '91.120.23.153'. (_ssl.c:992)",True,200,1628,Burp Collaborator https://burpcollaborator.net/,,,True,200,1127,Burp Collaborator https://burpcollaborator.net/,,
138.68.114.237,138.68.114.237,PASS_WITH_WARNINGS,7,9,2,77.78,True,138.68.114.237,False,3258,,[WinError 10061] 由于目标计算机积极拒绝，无法连接。,True,242,,,True,237,,,True,490,220 bc.pingback.zone Burp Collaborator Server ready,,True,473,220 bc.pingback.zone Burp Collaborator Server ready,,False,1215,,"[SSL: CERTIFICATE_VERIFY_FAILED] certificate verify failed: IP address mismatch, certificate is not valid for '138.68.114.237'. (_ssl.c:992)",True,200,522,Burp Collaborator https://burpcollaborator.net/,,,True,200,1255,Burp Collaborator https://burpcollaborator.net/,,
34.145.238.24,34.145.238.24,FAIL,6,9,3,66.67,True,34.145.238.24,False,3385,,[WinError 10061] 由于目标计算机积极拒绝，无法连接。,True,268,,,True,282,,,True,6303,,,True,4016,220 x9.to Burp Collaborator Server ready,,False,6417,,_ssl.c:975: The handshake operation timed out,True,200,3601,Burp Collaborator https://burpcollaborator.net/,,,False,,6502,,,"HTTPSConnectionPool(host='34.145.238.24', port=443): Read timed out. (read timeout=6.0)"
172.105.159.243,172.105.159.243,PASS_WITH_WARNINGS,7,9,2,77.78,True,172.105.159.243,False,3232,,[WinError 10061] 由于目标计算机积极拒绝，无法连接。,True,251,,,True,245,,,True,498,220 burpcollaborator.spiral-sec.com Burp Collaborator Server ready,,True,643,220 burpcollaborator.spiral-sec.com Burp Collaborator Server ready,,False,795,,"[SSL: CERTIFICATE_VERIFY_FAILED] certificate verify failed: IP address mismatch, certificate is not valid for '172.105.159.243'. (_ssl.c:992)",True,200,504,Burp Collaborator https://burpcollaborator.net/,,,True,200,1417,Burp Collaborator https://burpcollaborator.net/,,
165.227.26.79,165.227.26.79,PASS_WITH_WARNINGS,7,9,2,77.78,True,165.227.26.79,False,6006,,timed out,True,219,,,True,216,,,True,339,220 collab.ssgllc.us Burp Collaborator Server ready,,True,332,220 collab.ssgllc.us Burp Collaborator Server ready,,False,988,,"[SSL: CERTIFICATE_VERIFY_FAILED] certificate verify failed: IP address mismatch, certificate is not valid for '165.227.26.79'. (_ssl.c:992)",True,200,408,Burp Collaborator https://burpcollaborator.net/,,,True,200,990,Burp Collaborator https://burpcollaborator.net/,,
85.88.9.184,85.88.9.184,PASS_WITH_WARNINGS,7,9,2,77.78,True,85.88.9.184,False,6009,,timed out,True,256,,,True,193,,,True,1176,220 bcsd.digitrace.de Burp Collaborator Server ready,,True,429,220 bcsd.digitrace.de Burp Collaborator Server ready,,False,524,,"[SSL: CERTIFICATE_VERIFY_FAILED] certificate verify failed: IP address mismatch, certificate is not valid for '85.88.9.184'. (_ssl.c:992)",True,200,401,Burp Collaborator https://burpcollaborator.net/,,,True,200,1751,Burp Collaborator https://burpcollaborator.net/,,
64.225.7.51,64.225.7.51,PASS_WITH_WARNINGS,7,9,2,77.78,True,64.225.7.51,False,6015,,timed out,True,275,,,True,243,,,True,481,220 burp.stscollabserver.com Burp Collaborator Server ready,,True,1482,220 burp.stscollabserver.com Burp Collaborator Server ready,,False,676,,"[SSL: CERTIFICATE_VERIFY_FAILED] certificate verify failed: IP address mismatch, certificate is not valid for '64.225.7.51'. (_ssl.c:992)",True,200,484,Burp Collaborator https://burpcollaborator.net/,,,True,200,1037,Burp Collaborator https://burpcollaborator.net/,,
135.125.183.49,135.125.183.49,PASS_WITH_WARNINGS,8,9,1,88.89,True,135.125.183.49,True,204,,,True,208,,,True,263,,,True,494,220 ppu.pw Burp Collaborator Server ready,,True,1407,220 ppu.pw Burp Collaborator Server ready,,False,967,,"[SSL: CERTIFICATE_VERIFY_FAILED] certificate verify failed: IP address mismatch, certificate is not valid for '135.125.183.49'. (_ssl.c:992)",True,200,460,Burp Collaborator https://burpcollaborator.net/,,,True,200,974,Burp Collaborator https://burpcollaborator.net/,,
165.227.120.193,165.227.120.193,FAIL,6,9,3,66.67,True,165.227.120.193,False,3383,,[WinError 10061] 由于目标计算机积极拒绝，无法连接。,True,255,,,True,240,,,False,242,,[WinError 10054] 远程主机强迫关闭了一个现有的连接。,True,469,220 collab.dalecardwellinvestigates.com Burp Collaborator Server ready,,False,1284,,"[SSL: CERTIFICATE_VERIFY_FAILED] certificate verify failed: IP address mismatch, certificate is not valid for '165.227.120.193'. (_ssl.c:992)",True,200,467,Burp Collaborator https://burpcollaborator.net/,,,True,200,1197,Burp Collaborator https://burpcollaborator.net/,,
https://mburpcollab.com,mburpcollab.com,FAIL,0,9,9,0.0,False,,False,9863,,[Errno 11002] getaddrinfo failed,False,11080,,[Errno 11001] getaddrinfo failed,False,8802,,[Errno 11002] getaddrinfo failed,False,11098,,[Errno 11001] getaddrinfo failed,False,6041,,[Errno 11002] getaddrinfo failed,False,11085,,[Errno 11001] getaddrinfo failed,False,,9124,,,"HTTPConnectionPool(host='mburpcollab.com', port=80): Max retries exceeded with url: / (Caused by NameResolutionError(""HTTPConnection(host='mburpcollab.com', port=80): Failed to resolve 'mburpcollab.com' ([Errno 11002] getaddrinfo failed)""))",False,,11097,,,"HTTPSConnectionPool(host='mburpcollab.com', port=443): Max retries exceeded with url: / (Caused by NameResolutionError(""HTTPSConnection(host='mburpcollab.com', port=443): Failed to resolve 'mburpcollab.com' ([Errno 11002] getaddrinfo failed)""))"
50.116.39.56,50.116.39.56,PASS_WITH_WARNINGS,7,9,2,77.78,True,50.116.39.56,False,3200,,[WinError 10061] 由于目标计算机积极拒绝，无法连接。,True,225,,,True,2287,,,True,491,220 burpcol.versprite.services Burp Collaborator Server ready,,True,482,220 burpcol.versprite.services Burp Collaborator Server ready,,False,551,,"[SSL: CERTIFICATE_VERIFY_FAILED] certificate verify failed: IP address mismatch, certificate is not valid for '50.116.39.56'. (_ssl.c:992)",True,200,520,Burp Collaborator https://burpcollaborator.net/,,,True,200,1496,Burp Collaborator https://burpcollaborator.net/,,
https://b.mburpcollab.com,b.mburpcollab.com,FAIL,0,9,9,0.0,False,,False,9115,,[Errno 11002] getaddrinfo failed,False,11062,,[Errno 11001] getaddrinfo failed,False,10749,,[Errno 11002] getaddrinfo failed,False,9732,,[Errno 11002] getaddrinfo failed,False,9944,,[Errno 11002] getaddrinfo failed,False,9962,,[Errno 11002] getaddrinfo failed,False,,10819,,,"HTTPConnectionPool(host='b.mburpcollab.com', port=80): Max retries exceeded with url: / (Caused by NameResolutionError(""HTTPConnection(host='b.mburpcollab.com', port=80): Failed to resolve 'b.mburpcollab.com' ([Errno 11002] getaddrinfo failed)""))",False,,9855,,,"HTTPSConnectionPool(host='b.mburpcollab.com', port=443): Max retries exceeded with url: / (Caused by NameResolutionError(""HTTPSConnection(host='b.mburpcollab.com', port=443): Failed to resolve 'b.mburpcollab.com' ([Errno 11002] getaddrinfo failed)""))"
188.245.110.201,188.245.110.201,PASS_WITH_WARNINGS,7,9,2,77.78,True,188.245.110.201,False,6009,,timed out,True,196,,,True,199,,,True,386,220 co.mueller-soehne.com Burp Collaborator Server ready,,True,371,220 co.mueller-soehne.com Burp Collaborator Server ready,,False,784,,"[SSL: CERTIFICATE_VERIFY_FAILED] certificate verify failed: IP address mismatch, certificate is not valid for '188.245.110.201'. (_ssl.c:992)",True,200,382,Burp Collaborator https://burpcollaborator.net/,,,True,200,836,Burp Collaborator https://burpcollaborator.net/,,
185.19.184.142,185.19.184.142,FAIL,6,9,3,66.67,True,185.19.184.142,False,6009,,timed out,True,212,,,True,232,,,True,454,220 snpoc.com Burp Collaborator Server ready,,True,487,220 snpoc.com Burp Collaborator Server ready,,False,901,,"[SSL: CERTIFICATE_VERIFY_FAILED] certificate verify failed: IP address mismatch, certificate is not valid for '185.19.184.142'. (_ssl.c:992)",True,200,500,Burp Collaborator https://burpcollaborator.net/,,,False,,7157,,,"HTTPSConnectionPool(host='185.19.184.142', port=443): Read timed out. (read timeout=6.0)"
135.225.76.124,135.225.76.124,PASS_WITH_WARNINGS,7,9,2,77.78,True,135.225.76.124,False,3591,,[WinError 10061] 由于目标计算机积极拒绝，无法连接。,True,313,,,True,245,,,True,647,220 collaborator.mccupdate.com Burp Collaborator Server ready,,True,463,220 collaborator.mccupdate.com Burp Collaborator Server ready,,False,1795,,"[SSL: CERTIFICATE_VERIFY_FAILED] certificate verify failed: IP address mismatch, certificate is not valid for '135.225.76.124'. (_ssl.c:992)",True,200,591,Burp Collaborator https://burpcollaborator.net/,,,True,200,1452,Burp Collaborator https://burpcollaborator.net/,,
89.247.178.35,89.247.178.35,PASS_WITH_WARNINGS,7,9,2,77.78,True,89.247.178.35,False,3283,,[WinError 10061] 由于目标计算机积极拒绝，无法连接。,True,250,,,True,252,,,True,1203,220 audit2.hisolutions.com Burp Collaborator Server ready,,True,444,220 audit2.hisolutions.com Burp Collaborator Server ready,,False,769,,"[SSL: CERTIFICATE_VERIFY_FAILED] certificate verify failed: IP address mismatch, certificate is not valid for '89.247.178.35'. (_ssl.c:992)",True,200,546,Burp Collaborator https://burpcollaborator.net/,,,True,200,1111,Burp Collaborator https://burpcollaborator.net/,,
81.145.232.113,81.145.232.113,PASS_WITH_WARNINGS,7,9,2,77.78,True,81.145.232.113,False,6009,,timed out,True,289,,,True,263,,,True,528,220 bc.ukpt.uk Burp Collaborator Server ready,,True,551,220 bc.ukpt.uk Burp Collaborator Server ready,,False,1367,,"[SSL: CERTIFICATE_VERIFY_FAILED] certificate verify failed: IP address mismatch, certificate is not valid for '81.145.232.113'. (_ssl.c:992)",True,200,1588,Burp Collaborator https://burpcollaborator.net/,,,True,200,1259,Burp Collaborator https://burpcollaborator.net/,,
193.101.132.17,193.101.132.17,PASS_WITH_WARNINGS,7,9,2,77.78,True,193.101.132.17,False,6012,,timed out,True,339,,,True,328,,,True,653,220 burp.cyberamt.de Burp Collaborator Server ready,,True,663,220 burp.cyberamt.de Burp Collaborator Server ready,,False,764,,"[SSL: CERTIFICATE_VERIFY_FAILED] certificate verify failed: IP address mismatch, certificate is not valid for '193.101.132.17'. (_ssl.c:992)",True,200,703,Burp Collaborator https://burpcollaborator.net/,,,True,200,1404,Burp Collaborator https://burpcollaborator.net/,,
20.42.44.77,20.42.44.77,PASS_WITH_WARNINGS,7,9,2,77.78,True,20.42.44.77,False,3208,,[WinError 10061] 由于目标计算机积极拒绝，无法连接。,True,220,,,True,233,,,True,431,220 burp.cai-offsec.com Burp Collaborator Server ready,,True,445,220 burp.cai-offsec.com Burp Collaborator Server ready,,False,780,,"[SSL: CERTIFICATE_VERIFY_FAILED] certificate verify failed: IP address mismatch, certificate is not valid for '20.42.44.77'. (_ssl.c:992)",True,200,2536,Burp Collaborator https://burpcollaborator.net/,,,True,200,1039,Burp Collaborator https://burpcollaborator.net/,,
37.16.105.123,37.16.105.123,PASS_WITH_WARNINGS,7,9,2,77.78,True,37.16.105.123,False,3486,,[WinError 10061] 由于目标计算机积极拒绝，无法连接。,True,282,,,True,312,,,True,1671,220 collab.harryhacker.fi Burp Collaborator Server ready,,True,583,220 collab.harryhacker.fi Burp Collaborator Server ready,,False,954,,"[SSL: CERTIFICATE_VERIFY_FAILED] certificate verify failed: IP address mismatch, certificate is not valid for '37.16.105.123'. (_ssl.c:992)",True,200,669,Burp Collaborator https://burpcollaborator.net/,,,True,200,1288,Burp Collaborator https://burpcollaborator.net/,,
178.62.62.9,178.62.62.9,PASS_WITH_WARNINGS,7,9,2,77.78,True,178.62.62.9,False,6007,,timed out,True,273,,,True,260,,,True,652,220 c.csacyber.org Burp Collaborator Server ready,,True,505,220 c.csacyber.org Burp Collaborator Server ready,,False,603,,"[SSL: CERTIFICATE_VERIFY_FAILED] certificate verify failed: IP address mismatch, certificate is not valid for '178.62.62.9'. (_ssl.c:992)",True,200,662,Burp Collaborator https://burpcollaborator.net/,,,True,200,1233,Burp Collaborator https://burpcollaborator.net/,,
35.232.14.10,35.232.14.10,PASS_WITH_WARNINGS,7,9,2,77.78,True,35.232.14.10,False,6050,,timed out,True,271,,,True,272,,,True,537,220 collab.ebayred.team Burp Collaborator Server ready,,True,537,220 collab.ebayred.team Burp Collaborator Server ready,,False,1740,,"[SSL: CERTIFICATE_VERIFY_FAILED] certificate verify failed: IP address mismatch, certificate is not valid for '35.232.14.10'. (_ssl.c:992)",True,200,1549,Burp Collaborator https://burpcollaborator.net/,,,True,200,1244,Burp Collaborator https://burpcollaborator.net/,,
51.91.59.198,51.91.59.198,PASS_WITH_WARNINGS,7,9,2,77.78,True,51.91.59.198,False,6017,,timed out,True,226,,,True,229,,,True,424,220 burp.ywh.ovh Burp Collaborator Server ready,,True,462,220 burp.ywh.ovh Burp Collaborator Server ready,,False,1634,,"[SSL: CERTIFICATE_VERIFY_FAILED] certificate verify failed: IP address mismatch, certificate is not valid for '51.91.59.198'. (_ssl.c:992)",True,200,444,Burp Collaborator https://burpcollaborator.net/,,,True,200,1849,Burp Collaborator https://burpcollaborator.net/,,
138.197.202.65,138.197.202.65,PASS_WITH_WARNINGS,7,9,2,77.78,True,138.197.202.65,False,2935,,[WinError 10061] 由于目标计算机积极拒绝，无法连接。,True,160,,,True,178,,,True,439,220 bhisco.com Burp Collaborator Server ready,,True,425,220 bhisco.com Burp Collaborator Server ready,,False,1144,,"[SSL: CERTIFICATE_VERIFY_FAILED] certificate verify failed: IP address mismatch, certificate is not valid for '138.197.202.65'. (_ssl.c:992)",True,200,330,Burp Collaborator https://burpcollaborator.net/,,,True,200,2048,Burp Collaborator https://burpcollaborator.net/,,
194.156.84.21,194.156.84.21,PASS_WITH_WARNINGS,7,9,2,77.78,True,194.156.84.21,False,6066,,timed out,True,240,,,True,225,,,True,487,220 gdxd.de Burp Collaborator Server ready,,True,459,220 gdxd.de Burp Collaborator Server ready,,False,752,,"[SSL: CERTIFICATE_VERIFY_FAILED] certificate verify failed: IP address mismatch, certificate is not valid for '194.156.84.21'. (_ssl.c:992)",True,200,1751,Burp Collaborator https://burpcollaborator.net/,,,True,200,988,Burp Collaborator https://burpcollaborator.net/,,
195.97.212.9,195.97.212.9,PASS_WITH_WARNINGS,7,9,2,77.78,True,195.97.212.9,False,6005,,timed out,True,458,,,True,395,,,True,2670,220 c.stlv.uk Burp Collaborator Server ready,,True,2687,220 c.stlv.uk Burp Collaborator Server ready,,False,2273,,[SSL: CERTIFICATE_VERIFY_FAILED] certificate verify failed: self signed certificate (_ssl.c:992),True,200,1696,Burp Collaborator https://burpcollaborator.net/,,,True,200,2528,Burp Collaborator https://burpcollaborator.net/,,
149.210.190.40,149.210.190.40,PASS_WITH_WARNINGS,7,9,2,77.78,True,149.210.190.40,False,6070,,timed out,True,263,,,True,259,,,True,489,220 burp.arbc.nl Burp Collaborator Server ready,,True,502,220 burp.arbc.nl Burp Collaborator Server ready,,False,965,,"[SSL: CERTIFICATE_VERIFY_FAILED] certificate verify failed: IP address mismatch, certificate is not valid for '149.210.190.40'. (_ssl.c:992)",True,200,627,Burp Collaborator https://burpcollaborator.net/,,,True,200,4181,Burp Collaborator https://burpcollaborator.net/,,
169.38.106.74,169.38.106.74,PASS_WITH_WARNINGS,8,9,1,88.89,True,169.38.106.74,True,183,,,True,1188,,,True,220,,,True,6030,,,True,973,220 ptcindia.info Burp Collaborator Server ready,,False,3699,,[SSL: CERTIFICATE_VERIFY_FAILED] certificate verify failed: self signed certificate (_ssl.c:992),True,200,1329,Burp Collaborator https://burpcollaborator.net/,,,True,200,2165,Burp Collaborator https://burpcollaborator.net/,,
159.223.99.181,159.223.99.181,PASS_WITH_WARNINGS,7,9,2,77.78,True,159.223.99.181,False,3235,,[WinError 10061] 由于目标计算机积极拒绝，无法连接。,True,232,,,True,237,,,True,1138,220 c.c2.rip Burp Collaborator Server ready,,True,479,220 c.c2.rip Burp Collaborator Server ready,,False,832,,"[SSL: CERTIFICATE_VERIFY_FAILED] certificate verify failed: IP address mismatch, certificate is not valid for '159.223.99.181'. (_ssl.c:992)",True,200,635,Burp Collaborator https://burpcollaborator.net/,,,True,200,1096,Burp Collaborator https://burpcollaborator.net/,,
185.142.184.12,185.142.184.12,FAIL,6,9,3,66.67,True,185.142.184.12,False,6006,,timed out,True,274,,,True,307,,,False,6012,,timed out,True,472,220 bcollaborator.syss.de Burp Collaborator Server ready,,False,774,,"[SSL: CERTIFICATE_VERIFY_FAILED] certificate verify failed: IP address mismatch, certificate is not valid for '185.142.184.12'. (_ssl.c:992)",True,200,439,Burp Collaborator https://burpcollaborator.net/,,,True,200,941,Burp Collaborator https://burpcollaborator.net/,,
82.98.89.2,82.98.89.2,PASS_WITH_WARNINGS,7,9,2,77.78,True,82.98.89.2,False,3381,,[WinError 10061] 由于目标计算机积极拒绝，无法连接。,True,263,,,True,256,,,True,507,220 burp.usd.de Burp Collaborator Server ready,,True,529,220 burp.usd.de Burp Collaborator Server ready,,False,870,,"[SSL: CERTIFICATE_VERIFY_FAILED] certificate verify failed: IP address mismatch, certificate is not valid for '82.98.89.2'. (_ssl.c:992)",True,200,1324,Burp Collaborator https://burpcollaborator.net/,,,True,200,3468,Burp Collaborator https://burpcollaborator.net/,,
162.55.60.182,162.55.60.182,PASS_WITH_WARNINGS,7,9,2,77.78,True,162.55.60.182,False,3106,,[WinError 10061] 由于目标计算机积极拒绝，无法连接。,True,193,,,True,209,,,True,399,220 burp.mbti.red Burp Collaborator Server ready,,True,387,220 burp.mbti.red Burp Collaborator Server ready,,False,495,,"[SSL: CERTIFICATE_VERIFY_FAILED] certificate verify failed: IP address mismatch, certificate is not valid for '162.55.60.182'. (_ssl.c:992)",True,200,454,Burp Collaborator https://burpcollaborator.net/,,,True,200,993,Burp Collaborator https://burpcollaborator.net/,,
136.114.0.95,136.114.0.95,PASS_WITH_WARNINGS,7,9,2,77.78,True,136.114.0.95,False,6004,,timed out,True,331,,,True,263,,,True,565,220 collaborator.services.armadin.net Burp Collaborator Server ready,,True,1243,220 collaborator.services.armadin.net Burp Collaborator Server ready,,False,855,,"[SSL: CERTIFICATE_VERIFY_FAILED] certificate verify failed: IP address mismatch, certificate is not valid for '136.114.0.95'. (_ssl.c:992)",True,200,617,Burp Collaborator https://burpcollaborator.net/,,,True,200,1116,Burp Collaborator https://burpcollaborator.net/,,
51.75.72.161,51.75.72.161,PASS_WITH_WARNINGS,8,9,1,88.89,True,51.75.72.161,True,203,,,True,196,,,True,275,,,True,482,220 i0l.pw Burp Collaborator Server ready,,True,476,220 i0l.pw Burp Collaborator Server ready,,False,833,,"[SSL: CERTIFICATE_VERIFY_FAILED] certificate verify failed: IP address mismatch, certificate is not valid for '51.75.72.161'. (_ssl.c:992)",True,200,446,Burp Collaborator https://burpcollaborator.net/,,,True,200,1033,Burp Collaborator https://burpcollaborator.net/,,
94.127.56.232,94.127.56.232,PASS_WITH_WARNINGS,7,9,2,77.78,True,94.127.56.232,False,3403,,[WinError 10061] 由于目标计算机积极拒绝，无法连接。,True,318,,,True,1359,,,True,554,220 burp.mtest.no Burp Collaborator Server ready,,True,1561,220 burp.mtest.no Burp Collaborator Server ready,,False,1003,,"[SSL: CERTIFICATE_VERIFY_FAILED] certificate verify failed: IP address mismatch, certificate is not valid for '94.127.56.232'. (_ssl.c:992)",True,200,557,Burp Collaborator https://burpcollaborator.net/,,,True,200,1318,Burp Collaborator https://burpcollaborator.net/,,
20.31.224.59,20.31.224.59,PASS_WITH_WARNINGS,7,9,2,77.78,True,20.31.224.59,False,3712,,[WinError 10061] 由于目标计算机积极拒绝，无法连接。,True,347,,,True,337,,,True,532,220 prod.hackingasaservice.network Burp Collaborator Server ready,,True,670,220 prod.hackingasaservice.network Burp Collaborator Server ready,,False,1132,,"[SSL: CERTIFICATE_VERIFY_FAILED] certificate verify failed: IP address mismatch, certificate is not valid for '20.31.224.59'. (_ssl.c:992)",True,200,493,Burp Collaborator https://burpcollaborator.net/,,,True,200,1222,Burp Collaborator https://burpcollaborator.net/,,
collab.pwne.xyz,collab.pwne.xyz,FAIL,0,9,9,0.0,False,,False,10709,,[Errno 11002] getaddrinfo failed,False,9577,,[Errno 11002] getaddrinfo failed,False,10111,,[Errno 11002] getaddrinfo failed,False,9875,,[Errno 11002] getaddrinfo failed,False,10000,,[Errno 11002] getaddrinfo failed,False,11029,,[Errno 11002] getaddrinfo failed,False,,9714,,,"HTTPConnectionPool(host='collab.pwne.xyz', port=80): Max retries exceeded with url: / (Caused by NameResolutionError(""HTTPConnection(host='collab.pwne.xyz', port=80): Failed to resolve 'collab.pwne.xyz' ([Errno 11002] getaddrinfo failed)""))",False,,11080,,,"HTTPSConnectionPool(host='collab.pwne.xyz', port=443): Max retries exceeded with url: / (Caused by NameResolutionError(""HTTPSConnection(host='collab.pwne.xyz', port=443): Failed to resolve 'collab.pwne.xyz' ([Errno 11002] getaddrinfo failed)""))"
37.60.241.125,37.60.241.125,PASS_WITH_WARNINGS,7,9,2,77.78,True,37.60.241.125,False,3268,,[WinError 10061] 由于目标计算机积极拒绝，无法连接。,True,241,,,True,272,,,True,619,220 kpa.pw Burp Collaborator Server ready,,True,532,220 kpa.pw Burp Collaborator Server ready,,False,1036,,"[SSL: CERTIFICATE_VERIFY_FAILED] certificate verify failed: IP address mismatch, certificate is not valid for '37.60.241.125'. (_ssl.c:992)",True,200,497,Burp Collaborator https://burpcollaborator.net/,,,True,200,2365,Burp Collaborator https://burpcollaborator.net/,,
38.100.163.97,38.100.163.97,PASS_WITH_WARNINGS,7,9,2,77.78,True,38.100.163.97,False,6009,,timed out,True,1254,,,True,233,,,True,569,220 c.huskpup.com Burp Collaborator Server ready,,True,453,220 c.huskpup.com Burp Collaborator Server ready,,False,581,,"[SSL: CERTIFICATE_VERIFY_FAILED] certificate verify failed: IP address mismatch, certificate is not valid for '38.100.163.97'. (_ssl.c:992)",True,200,500,Burp Collaborator https://burpcollaborator.net/,,,True,200,1043,Burp Collaborator https://burpcollaborator.net/,,
20.108.2.76,20.108.2.76,PASS_WITH_WARNINGS,7,9,2,77.78,True,20.108.2.76,False,3801,,[WinError 10061] 由于目标计算机积极拒绝，无法连接。,True,1259,,,True,1451,,,True,444,220 collaborator.tmcyberutils.co.uk Burp Collaborator Server ready,,True,1106,220 collaborator.tmcyberutils.co.uk Burp Collaborator Server ready,,False,528,,"[SSL: CERTIFICATE_VERIFY_FAILED] certificate verify failed: IP address mismatch, certificate is not valid for '20.108.2.76'. (_ssl.c:992)",True,200,561,Burp Collaborator https://burpcollaborator.net/,,,True,200,2353,Burp Collaborator https://burpcollaborator.net/,,
https://collab.vpn.s-force.nl,collab.vpn.s-force.nl,PASS_WITH_WARNINGS,8,9,1,88.89,True,149.210.173.3,False,3655,,[WinError 10061] 由于目标计算机积极拒绝，无法连接。,True,274,,,True,279,,,True,535,220 collab.vpn.s-force.nl Burp Collaborator Server ready,,True,505,220 collab.vpn.s-force.nl Burp Collaborator Server ready,,True,1372,220 collab.vpn.s-force.nl Burp Collaborator Server ready,,True,200,489,Burp Collaborator https://burpcollaborator.net/,,,True,200,1488,Burp Collaborator https://burpcollaborator.net/,,
34.145.243.184,34.145.243.184,PASS_WITH_WARNINGS,7,9,2,77.78,True,34.145.243.184,False,4728,,[WinError 10061] 由于目标计算机积极拒绝，无法连接。,True,293,,,True,275,,,True,612,220 w4.to Burp Collaborator Server ready,,True,547,220 w4.to Burp Collaborator Server ready,,False,651,,"[SSL: CERTIFICATE_VERIFY_FAILED] certificate verify failed: IP address mismatch, certificate is not valid for '34.145.243.184'. (_ssl.c:992)",True,200,542,Burp Collaborator https://burpcollaborator.net/,,,True,200,2044,Burp Collaborator https://burpcollaborator.net/,,
5.148.32.234,5.148.32.234,PASS_WITH_WARNINGS,7,9,2,77.78,True,5.148.32.234,False,3575,,[WinError 10061] 由于目标计算机积极拒绝，无法连接。,True,256,,,True,264,,,True,537,220 uk.nccburp.com Burp Collaborator Server ready,,True,537,220 uk.nccburp.com Burp Collaborator Server ready,,False,1049,,"[SSL: CERTIFICATE_VERIFY_FAILED] certificate verify failed: IP address mismatch, certificate is not valid for '5.148.32.234'. (_ssl.c:992)",True,200,511,Burp Collaborator https://burpcollaborator.net/,,,True,200,1249,Burp Collaborator https://burpcollaborator.net/,,
51.159.149.184,51.159.149.184,PASS_WITH_WARNINGS,7,9,2,77.78,True,51.159.149.184,False,6113,,timed out,True,228,,,True,224,,,True,461,220 oob.dsllaced.com Burp Collaborator Server ready,,True,441,220 oob.dsllaced.com Burp Collaborator Server ready,,False,795,,"[SSL: CERTIFICATE_VERIFY_FAILED] certificate verify failed: IP address mismatch, certificate is not valid for '51.159.149.184'. (_ssl.c:992)",True,200,1467,Burp Collaborator https://burpcollaborator.net/,,,True,200,1233,Burp Collaborator https://burpcollaborator.net/,,
213.61.195.42,213.61.195.42,PASS_WITH_WARNINGS,7,9,2,77.78,True,213.61.195.42,False,3063,,[WinError 10061] 由于目标计算机积极拒绝，无法连接。,True,291,,,True,213,,,True,442,220 collaborator.cyscssidcra.com Burp Collaborator Server ready,,True,451,220 collaborator.cyscssidcra.com Burp Collaborator Server ready,,False,540,,"[SSL: CERTIFICATE_VERIFY_FAILED] certificate verify failed: IP address mismatch, certificate is not valid for '213.61.195.42'. (_ssl.c:992)",True,200,442,Burp Collaborator https://burpcollaborator.net/,,,True,200,1127,Burp Collaborator https://burpcollaborator.net/,,
burp.ninja,burp.ninja,PASS_WITH_WARNINGS,8,9,1,88.89,True,91.238.238.101,False,6057,,timed out,True,258,,,True,278,,,True,563,220 burp.ninja Burp Collaborator Server ready,,True,519,220 burp.ninja Burp Collaborator Server ready,,True,1833,220 burp.ninja Burp Collaborator Server ready,,True,200,1601,Burp Collaborator https://burpcollaborator.net/,,,True,200,1124,Burp Collaborator https://burpcollaborator.net/,,
https://103.16.130.58,103.16.130.58,PASS_WITH_WARNINGS,7,9,2,77.78,True,103.16.130.58,False,3561,,[WinError 10061] 由于目标计算机积极拒绝，无法连接。,True,319,,,True,468,,,True,717,220 c.tn2.au Burp Collaborator Server ready,,True,681,220 c.tn2.au Burp Collaborator Server ready,,False,2483,,"[SSL: CERTIFICATE_VERIFY_FAILED] certificate verify failed: IP address mismatch, certificate is not valid for '103.16.130.58'. (_ssl.c:992)",True,200,707,Burp Collaborator https://burpcollaborator.net/,,,True,200,1341,Burp Collaborator https://burpcollaborator.net/,,
64.227.34.4,64.227.34.4,PASS_WITH_WARNINGS,7,9,2,77.78,True,64.227.34.4,False,6002,,timed out,True,239,,,True,253,,,True,511,220 bc.7ei.cc Burp Collaborator Server ready,,True,591,220 bc.7ei.cc Burp Collaborator Server ready,,False,2164,,"[SSL: CERTIFICATE_VERIFY_FAILED] certificate verify failed: IP address mismatch, certificate is not valid for '64.227.34.4'. (_ssl.c:992)",True,200,547,Burp Collaborator https://burpcollaborator.net/,,,True,200,3011,Burp Collaborator https://burpcollaborator.net/,,
164.92.87.249,164.92.87.249,PASS_WITH_WARNINGS,7,9,2,77.78,True,164.92.87.249,False,6068,,timed out,True,172,,,True,239,,,True,864,220 collab.tevora.org Burp Collaborator Server ready,,True,324,220 collab.tevora.org Burp Collaborator Server ready,,False,894,,"[SSL: CERTIFICATE_VERIFY_FAILED] certificate verify failed: IP address mismatch, certificate is not valid for '164.92.87.249'. (_ssl.c:992)",True,200,355,Burp Collaborator https://burpcollaborator.net/,,,True,200,888,Burp Collaborator https://burpcollaborator.net/,,
https://202.232.122.158,202.232.122.158,PASS_WITH_WARNINGS,7,9,2,77.78,True,202.232.122.158,False,6001,,timed out,True,71,,,True,97,,,True,153,220 infotest.jp Burp Collaborator Server ready,,True,147,220 infotest.jp Burp Collaborator Server ready,,False,512,,"[SSL: CERTIFICATE_VERIFY_FAILED] certificate verify failed: IP address mismatch, certificate is not valid for '202.232.122.158'. (_ssl.c:992)",True,200,146,Burp Collaborator https://burpcollaborator.net/,,,True,200,477,Burp Collaborator https://burpcollaborator.net/,,
142.93.251.143,142.93.251.143,PASS_WITH_WARNINGS,7,9,2,77.78,True,142.93.251.143,False,6010,,timed out,True,268,,,True,245,,,True,509,220 collab.redsiege.com Burp Collaborator Server ready,,True,504,220 collab.redsiege.com Burp Collaborator Server ready,,False,1320,,"[SSL: CERTIFICATE_VERIFY_FAILED] certificate verify failed: IP address mismatch, certificate is not valid for '142.93.251.143'. (_ssl.c:992)",True,200,518,Burp Collaborator https://burpcollaborator.net/,,,True,200,1115,Burp Collaborator https://burpcollaborator.net/,,
